Name,Date,Title,Price,Condition,Link
fuzz55,4 minutes ago,MacBook Pro M2 13inch,"S$1,800",Like new,https://carousell.sg/p/macbook-pro-m2-13inch-1267909188/?t-id=nFOSAbEtHg_1701013882919&t-referrer_browse_type=search_results&t-referrer_filter_price_min=100&t-referrer_page_type=search&t-referrer_request_id=XqOFFqV178vQLBJ6&t-referrer_search_query=macbook&t-referrer_sort_by=popular&t-tap_index=0
gg555jjj,1 hour ago,[Macbook Pro 16 inch],"S$1,200",Like new,https://carousell.sg/p/macbook-pro-16-inch-1267894306/?t-id=nFOSAbEtHg_1701013882919&t-referrer_browse_type=search_results&t-referrer_filter_price_min=100&t-referrer_page_type=search&t-referrer_request_id=XqOFFqV178vQLBJ6&t-referrer_search_query=macbook&t-referrer_sort_by=popular&t-tap_index=1
milkchap,2 hours ago,"14"" MacBook Pro M1 Pro 1TB 16GB","S$2,000",Like new,https://carousell.sg/p/14-macbook-pro-m1-pro-1tb-16gb-1267041281/?t-id=nFOSAbEtHg_1701013882919&t-referrer_browse_type=search_results&t-referrer_filter_price_min=100&t-referrer_page_type=search&t-referrer_request_id=XqOFFqV178vQLBJ6&t-referrer_search_query=macbook&t-referrer_sort_by=popular&t-tap_index=2
lwk140817,2 hours ago,(AppleCare+) 2023 M2 MacBook Air 15 Inch Starlight,"S$2,190",Brand new,https://carousell.sg/p/applecare-2023-m2-macbook-air-15-inch-starlight-1267887683/?t-id=nFOSAbEtHg_1701013882919&t-referrer_browse_type=search_results&t-referrer_filter_price_min=100&t-referrer_page_type=search&t-referrer_request_id=XqOFFqV178vQLBJ6&t-referrer_search_query=macbook&t-referrer_sort_by=popular&t-tap_index=3
dollz_,2 hours ago,Macbook Air 2017,S$350,Lightly used,https://carousell.sg/p/macbook-air-2017-1267885392/?t-id=nFOSAbEtHg_1701013882919&t-referrer_browse_type=search_results&t-referrer_filter_price_min=100&t-referrer_page_type=search&t-referrer_request_id=XqOFFqV178vQLBJ6&t-referrer_search_query=macbook&t-referrer_sort_by=popular&t-tap_index=5
dmitrim,2 hours ago,"Macbook Pro 16, 2019",S$999,Well used,https://carousell.sg/p/macbook-pro-16-2019-1267886941/?t-id=nFOSAbEtHg_1701013882919&t-referrer_browse_type=search_results&t-referrer_filter_price_min=100&t-referrer_page_type=search&t-referrer_request_id=XqOFFqV178vQLBJ6&t-referrer_search_query=macbook&t-referrer_sort_by=popular&t-tap_index=6
snowflakelover,2 hours ago,URGENT MacBook Air M1 chip 2022,S$750,Like new,https://carousell.sg/p/urgent-macbook-air-m1-chip-2022-1267820594/?t-id=nFOSAbEtHg_1701013882919&t-referrer_browse_type=search_results&t-referrer_filter_price_min=100&t-referrer_page_type=search&t-referrer_request_id=XqOFFqV178vQLBJ6&t-referrer_search_query=macbook&t-referrer_sort_by=popular&t-tap_index=7
soonleelew658,2 hours ago,BNIB macbook air 15inch,"S$1,500",Brand new,https://carousell.sg/p/bnib-macbook-air-15inch-1256883026/?t-id=nFOSAbEtHg_1701013882919&t-referrer_browse_type=search_results&t-referrer_filter_price_min=100&t-referrer_page_type=search&t-referrer_request_id=XqOFFqV178vQLBJ6&t-referrer_search_query=macbook&t-referrer_sort_by=popular&t-tap_index=8
martiankadett,3 hours ago,MacBook Pro M1 Pro,"S$2,000",Lightly used,https://carousell.sg/p/macbook-pro-m1-pro-1267873742/?t-id=nFOSAbEtHg_1701013882919&t-referrer_browse_type=search_results&t-referrer_filter_price_min=100&t-referrer_page_type=search&t-referrer_request_id=XqOFFqV178vQLBJ6&t-referrer_search_query=macbook&t-referrer_sort_by=popular&t-tap_index=9
plenilunegaze,4 hours ago,"MacBook Air (2017, 128 GB)",S$450,Lightly used,https://carousell.sg/p/macbook-air-2017-128-gb-1267864574/?t-id=nFOSAbEtHg_1701013882919&t-referrer_browse_type=search_results&t-referrer_filter_price_min=100&t-referrer_page_type=search&t-referrer_request_id=XqOFFqV178vQLBJ6&t-referrer_search_query=macbook&t-referrer_sort_by=popular&t-tap_index=10
tl143,6 hours ago,MacBook Pro 2011,S$380,Lightly used,https://carousell.sg/p/macbook-pro-2011-1267844694/?t-id=nFOSAbEtHg_1701013882919&t-referrer_browse_type=search_results&t-referrer_filter_price_min=100&t-referrer_page_type=search&t-referrer_request_id=XqOFFqV178vQLBJ6&t-referrer_search_query=macbook&t-referrer_sort_by=popular&t-tap_index=11
zzzdahzzz,3 hours ago,M1 Pro Macbook Pro 14 Inch M1 Pro,"S$1,800",Lightly used,https://carousell.sg/p/m1-pro-macbook-pro-14-inch-m1-pro-1267873075/?t-id=nFOSAbEtHg_1701013882919&t-referrer_browse_type=search_results&t-referrer_filter_price_min=100&t-referrer_page_type=search&t-referrer_request_id=XqOFFqV178vQLBJ6&t-referrer_search_query=macbook&t-referrer_sort_by=popular&t-tap_index=13
gerghouse,6 hours ago,"MacBook Air 13.3"" M1 (2021)","S$1,400",Like new,https://carousell.sg/p/macbook-air-13-3-m1-2021-1267839159/?t-id=nFOSAbEtHg_1701013882919&t-referrer_browse_type=search_results&t-referrer_filter_price_min=100&t-referrer_page_type=search&t-referrer_request_id=XqOFFqV178vQLBJ6&t-referrer_search_query=macbook&t-referrer_sort_by=popular&t-tap_index=14
werepair,4 hours ago,MacBook Pro with Touch Bar 2019 yr. A1990,"S$1,100",Like new,https://carousell.sg/p/macbook-pro-with-touch-bar-2019-yr-a1990-1267866108/?t-id=nFOSAbEtHg_1701013882919&t-referrer_browse_type=search_results&t-referrer_filter_price_min=100&t-referrer_page_type=search&t-referrer_request_id=XqOFFqV178vQLBJ6&t-referrer_search_query=macbook&t-referrer_sort_by=popular&t-tap_index=15
lenni3,6 hours ago,MacBook Air 2013,S$450,Like new,https://carousell.sg/p/macbook-air-2013-1267835498/?t-id=nFOSAbEtHg_1701013882919&t-referrer_browse_type=search_results&t-referrer_filter_price_min=100&t-referrer_page_type=search&t-referrer_request_id=XqOFFqV178vQLBJ6&t-referrer_search_query=macbook&t-referrer_sort_by=popular&t-tap_index=16
4gs88export,5 hours ago,Macbook Pro 14 M1 Pro 2021 (16GB/512GB Rom),"S$1,699",Lightly used,https://carousell.sg/p/macbook-pro-14-m1-pro-2021-16gb-512gb-rom-1222933465/?t-id=nFOSAbEtHg_1701013882919&t-referrer_browse_type=search_results&t-referrer_filter_price_min=100&t-referrer_page_type=search&t-referrer_request_id=XqOFFqV178vQLBJ6&t-referrer_search_query=macbook&t-referrer_sort_by=popular&t-tap_index=17
4gs88export,5 hours ago,Macbook Pro 13 M2 2022 (8GB Ram/256GB),"S$1,399",Like new,https://carousell.sg/p/macbook-pro-13-m2-2022-8gb-ram-256gb-1223109444/?t-id=nFOSAbEtHg_1701013882919&t-referrer_browse_type=search_results&t-referrer_filter_price_min=100&t-referrer_page_type=search&t-referrer_request_id=XqOFFqV178vQLBJ6&t-referrer_search_query=macbook&t-referrer_sort_by=popular&t-tap_index=18
4gs88export,5 hours ago,Macbook Air M1 2020 Gold (8GB/256GB),S$829,Lightly used,https://carousell.sg/p/macbook-air-m1-2020-gold-8gb-256gb-1222932906/?t-id=nFOSAbEtHg_1701013882919&t-referrer_browse_type=search_results&t-referrer_filter_price_min=100&t-referrer_page_type=search&t-referrer_request_id=XqOFFqV178vQLBJ6&t-referrer_search_query=macbook&t-referrer_sort_by=popular&t-tap_index=19
ryan.ko,3 hours ago,"MacBook Pro (15-inch, 2017) i7 3.1 Ghz","S$1,000",Lightly used,https://carousell.sg/p/macbook-pro-15-inch-2017-i7-3-1-ghz-1267876734/?t-id=nFOSAbEtHg_1701013882919&t-referrer_browse_type=search_results&t-referrer_filter_price_min=100&t-referrer_page_type=search&t-referrer_request_id=XqOFFqV178vQLBJ6&t-referrer_search_query=macbook&t-referrer_sort_by=popular&t-tap_index=20
xiiaohan8,7 hours ago,MacBook Air 2020 A2179 (13-inch retina display)(Intel i7),S$850,Lightly used,https://carousell.sg/p/macbook-air-2020-a2179-13-inch-retina-display-intel-i7-1267830831/?t-id=nFOSAbEtHg_1701013882919&t-referrer_browse_type=search_results&t-referrer_filter_price_min=100&t-referrer_page_type=search&t-referrer_request_id=XqOFFqV178vQLBJ6&t-referrer_search_query=macbook&t-referrer_sort_by=popular&t-tap_index=21
4gs88export,5 hours ago,"Brand New Macbook Pro 13"" M1 2020 (8/512GB) ","S$1,599",Brand new,https://carousell.sg/p/brand-new-macbook-pro-13-m1-2020-8-512gb-1222934462/?t-id=nFOSAbEtHg_1701013882919&t-referrer_browse_type=search_results&t-referrer_filter_price_min=100&t-referrer_page_type=search&t-referrer_request_id=XqOFFqV178vQLBJ6&t-referrer_search_query=macbook&t-referrer_sort_by=popular&t-tap_index=22
ednevis,8 hours ago,MacBook Pro mid 2012,S$350,Lightly used,https://carousell.sg/p/macbook-pro-mid-2012-1267818919/?t-id=nFOSAbEtHg_1701013882919&t-referrer_browse_type=search_results&t-referrer_filter_price_min=100&t-referrer_page_type=search&t-referrer_request_id=XqOFFqV178vQLBJ6&t-referrer_search_query=macbook&t-referrer_sort_by=popular&t-tap_index=23
folksclub,4 hours ago,MacBook Pro 13inch Touchbar | 2020,"S$1,220",Like new,https://carousell.sg/p/macbook-pro-13inch-touchbar-2020-1267859727/?t-id=nFOSAbEtHg_1701013882919&t-referrer_browse_type=search_results&t-referrer_filter_price_min=100&t-referrer_page_type=search&t-referrer_request_id=XqOFFqV178vQLBJ6&t-referrer_search_query=macbook&t-referrer_sort_by=popular&t-tap_index=26
jkmon,7 hours ago,Macbook pro 2015 13inch i5 8gb 128gb,S$350,Well used,https://carousell.sg/p/macbook-pro-2015-13inch-i5-8gb-128gb-1267830449/?t-id=nFOSAbEtHg_1701013882919&t-referrer_browse_type=search_results&t-referrer_filter_price_min=100&t-referrer_page_type=search&t-referrer_request_id=XqOFFqV178vQLBJ6&t-referrer_search_query=macbook&t-referrer_sort_by=popular&t-tap_index=27
ultimateharish,24 hours ago,MacBook Air,S$350,Lightly used,https://carousell.sg/p/macbook-air-1267712942/?t-id=nFOSAbEtHg_1701013882919&t-referrer_browse_type=search_results&t-referrer_filter_price_min=100&t-referrer_page_type=search&t-referrer_request_id=XqOFFqV178vQLBJ6&t-referrer_search_query=macbook&t-referrer_sort_by=popular&t-tap_index=28
barkiny,7 hours ago,MacBook Pro 13 inch 2017,S$540,Lightly used,https://carousell.sg/p/macbook-pro-13-inch-2017-1267830533/?t-id=nFOSAbEtHg_1701013882919&t-referrer_browse_type=search_results&t-referrer_filter_price_min=100&t-referrer_page_type=search&t-referrer_request_id=XqOFFqV178vQLBJ6&t-referrer_search_query=macbook&t-referrer_sort_by=popular&t-tap_index=29
jloh22,12 hours ago,MacBook Air,"S$1,450",Brand new,https://carousell.sg/p/macbook-air-1267762396/?t-id=nFOSAbEtHg_1701013882919&t-referrer_browse_type=search_results&t-referrer_filter_price_min=100&t-referrer_page_type=search&t-referrer_request_id=XqOFFqV178vQLBJ6&t-referrer_search_query=macbook&t-referrer_sort_by=popular&t-tap_index=30
starstorex,10 hours ago,MacBook Air 2018 256gb 16gb ram,S$450,Lightly used,https://carousell.sg/p/macbook-air-2018-256gb-16gb-ram-1267790033/?t-id=nFOSAbEtHg_1701013882919&t-referrer_browse_type=search_results&t-referrer_filter_price_min=100&t-referrer_page_type=search&t-referrer_request_id=XqOFFqV178vQLBJ6&t-referrer_search_query=macbook&t-referrer_sort_by=popular&t-tap_index=31
aidaeape,5 hours ago,MacBook Air 11-Inch + MacBook Sleeve,S$300,Lightly used,https://carousell.sg/p/macbook-air-11-inch-macbook-sleeve-1267851164/?t-id=nFOSAbEtHg_1701013882919&t-referrer_browse_type=search_results&t-referrer_filter_price_min=100&t-referrer_page_type=search&t-referrer_request_id=XqOFFqV178vQLBJ6&t-referrer_search_query=macbook&t-referrer_sort_by=popular&t-tap_index=32
jisansh20,1 day ago,MacBook Pro,S$399,Like new,https://carousell.sg/p/macbook-pro-1267694941/?t-id=nFOSAbEtHg_1701013882919&t-referrer_browse_type=search_results&t-referrer_filter_price_min=100&t-referrer_page_type=search&t-referrer_request_id=XqOFFqV178vQLBJ6&t-referrer_search_query=macbook&t-referrer_sort_by=popular&t-tap_index=33
usefulthings,18 hours ago,"2015 13"" MacBook Pro",S$308,Lightly used,https://carousell.sg/p/2015-13-macbook-pro-1267731308/?t-id=nFOSAbEtHg_1701013882919&t-referrer_browse_type=search_results&t-referrer_filter_price_min=100&t-referrer_page_type=search&t-referrer_request_id=XqOFFqV178vQLBJ6&t-referrer_search_query=macbook&t-referrer_sort_by=popular&t-tap_index=34
khaliled,18 hours ago,MacBook Air 13 M2 - space gray,"S$1,300",Like new,https://carousell.sg/p/macbook-air-13-m2-space-gray-1267731862/?t-id=nFOSAbEtHg_1701013882919&t-referrer_browse_type=search_results&t-referrer_filter_price_min=100&t-referrer_page_type=search&t-referrer_request_id=XqOFFqV178vQLBJ6&t-referrer_search_query=macbook&t-referrer_sort_by=popular&t-tap_index=35
moonfade,1 day ago,2022 MacBook Air 13inch M1 chip,S$850,Brand new,https://carousell.sg/p/2022-macbook-air-13inch-m1-chip-1267658838/?t-id=nFOSAbEtHg_1701013882919&t-referrer_browse_type=search_results&t-referrer_filter_price_min=100&t-referrer_page_type=search&t-referrer_request_id=XqOFFqV178vQLBJ6&t-referrer_search_query=macbook&t-referrer_sort_by=popular&t-tap_index=36
sportsfreak,8 hours ago,Macbook Pro Retina 15” 2014,S$450,Well used,https://carousell.sg/p/macbook-pro-retina-15”-2014-1267809216/?t-id=nFOSAbEtHg_1701013882919&t-referrer_browse_type=search_results&t-referrer_filter_price_min=100&t-referrer_page_type=search&t-referrer_request_id=XqOFFqV178vQLBJ6&t-referrer_search_query=macbook&t-referrer_sort_by=popular&t-tap_index=37
quazzz,9 hours ago,M1 macbook pro (16 inch),"S$1,800",Like new,https://carousell.sg/p/m1-macbook-pro-16-inch-1266722835/?t-id=nFOSAbEtHg_1701013882919&t-referrer_browse_type=search_results&t-referrer_filter_price_min=100&t-referrer_page_type=search&t-referrer_request_id=XqOFFqV178vQLBJ6&t-referrer_search_query=macbook&t-referrer_sort_by=popular&t-tap_index=0
weloveshoppingyeah,10 hours ago,"Macbook Air M1, 256GB (Rose Gold)",S$839,Like new,https://carousell.sg/p/macbook-air-m1-256gb-rose-gold-1256626315/?t-id=nFOSAbEtHg_1701013882919&t-referrer_browse_type=search_results&t-referrer_filter_price_min=100&t-referrer_page_type=search&t-referrer_request_id=XqOFFqV178vQLBJ6&t-referrer_search_query=macbook&t-referrer_sort_by=popular&t-tap_index=1
anthonychng,13 hours ago,Macbook Pro (early 2015),S$250,Well used,https://carousell.sg/p/macbook-pro-early-2015-1267753379/?t-id=nFOSAbEtHg_1701013882919&t-referrer_browse_type=search_results&t-referrer_filter_price_min=100&t-referrer_page_type=search&t-referrer_request_id=XqOFFqV178vQLBJ6&t-referrer_search_query=macbook&t-referrer_sort_by=popular&t-tap_index=2
msmonsze,6 hours ago,2021 MacBook 16 Inch,"S$5,500",Like new,https://carousell.sg/p/2021-macbook-16-inch-1267834015/?t-id=nFOSAbEtHg_1701013882919&t-referrer_browse_type=search_results&t-referrer_filter_price_min=100&t-referrer_page_type=search&t-referrer_request_id=XqOFFqV178vQLBJ6&t-referrer_search_query=macbook&t-referrer_sort_by=popular&t-tap_index=3
silvernotez,11 hours ago,"BNIB 15"" Macbook Air M2 - Midnight Blue","S$1,650",Brand new,https://carousell.sg/p/bnib-15-macbook-air-m2-midnight-blue-1256495678/?t-id=nFOSAbEtHg_1701013882919&t-referrer_browse_type=search_results&t-referrer_filter_price_min=100&t-referrer_page_type=search&t-referrer_request_id=XqOFFqV178vQLBJ6&t-referrer_search_query=macbook&t-referrer_sort_by=popular&t-tap_index=4
016power,11 hours ago,2023 MacBook Pro 1TB M2 space grey,"S$3,300",Like new,https://carousell.sg/p/2023-macbook-pro-1tb-m2-space-grey-1266590958/?t-id=nFOSAbEtHg_1701013882919&t-referrer_browse_type=search_results&t-referrer_filter_price_min=100&t-referrer_page_type=search&t-referrer_request_id=XqOFFqV178vQLBJ6&t-referrer_search_query=macbook&t-referrer_sort_by=popular&t-tap_index=5
coolxjack77,1 day ago,Macbook Air M1 8gb/256,S$799,Like new,https://carousell.sg/p/macbook-air-m1-8gb-256-1267666993/?t-id=nFOSAbEtHg_1701013882919&t-referrer_browse_type=search_results&t-referrer_filter_price_min=100&t-referrer_page_type=search&t-referrer_request_id=XqOFFqV178vQLBJ6&t-referrer_search_query=macbook&t-referrer_sort_by=popular&t-tap_index=7
suetlee1991,13 hours ago,MacBook Pro 13inch,S$800,Well used,https://carousell.sg/p/macbook-pro-13inch-1267751684/?t-id=nFOSAbEtHg_1701013882919&t-referrer_browse_type=search_results&t-referrer_filter_price_min=100&t-referrer_page_type=search&t-referrer_request_id=XqOFFqV178vQLBJ6&t-referrer_search_query=macbook&t-referrer_sort_by=popular&t-tap_index=8
nawinn,10 hours ago,"MacBook Air Retina, 13-inch, 2020",S$700,Lightly used,https://carousell.sg/p/macbook-air-retina-13-inch-2020-1267783436/?t-id=nFOSAbEtHg_1701013882919&t-referrer_browse_type=search_results&t-referrer_filter_price_min=100&t-referrer_page_type=search&t-referrer_request_id=XqOFFqV178vQLBJ6&t-referrer_search_query=macbook&t-referrer_sort_by=popular&t-tap_index=9
supunsashika,4 hours ago,MacBook Pro 16 inch,"S$2,150",Lightly used,https://carousell.sg/p/macbook-pro-16-inch-1267865494/?t-id=nFOSAbEtHg_1701013882919&t-referrer_browse_type=search_results&t-referrer_filter_price_min=100&t-referrer_page_type=search&t-referrer_request_id=XqOFFqV178vQLBJ6&t-referrer_search_query=macbook&t-referrer_sort_by=popular&t-tap_index=10
alauddinanik,1 day ago,MacBook Pro,S$550,Like new,https://carousell.sg/p/macbook-pro-1267657830/?t-id=nFOSAbEtHg_1701013882919&t-referrer_browse_type=search_results&t-referrer_filter_price_min=100&t-referrer_page_type=search&t-referrer_request_id=XqOFFqV178vQLBJ6&t-referrer_search_query=macbook&t-referrer_sort_by=popular&t-tap_index=11
qualityfirstuser,12 hours ago,"MacBook Air 13 inch, bought early 2015",S$300,Well used,https://carousell.sg/p/macbook-air-13-inch-bought-early-2015-1267759327/?t-id=nFOSAbEtHg_1701013882919&t-referrer_browse_type=search_results&t-referrer_filter_price_min=100&t-referrer_page_type=search&t-referrer_request_id=XqOFFqV178vQLBJ6&t-referrer_search_query=macbook&t-referrer_sort_by=popular&t-tap_index=12
amberknowels,7 hours ago,Christmas Sale 15” MacBook Pro 2018 i9,S$890,Lightly used,https://carousell.sg/p/christmas-sale-15”-macbook-pro-2018-i9-1267827962/?t-id=nFOSAbEtHg_1701013882919&t-referrer_browse_type=search_results&t-referrer_filter_price_min=100&t-referrer_page_type=search&t-referrer_request_id=XqOFFqV178vQLBJ6&t-referrer_search_query=macbook&t-referrer_sort_by=popular&t-tap_index=13
tommeetssam,13 hours ago,MacBook Air M1 2020,S$700,Well used,https://carousell.sg/p/macbook-air-m1-2020-1267755195/?t-id=nFOSAbEtHg_1701013882919&t-referrer_browse_type=search_results&t-referrer_filter_price_min=100&t-referrer_page_type=search&t-referrer_request_id=XqOFFqV178vQLBJ6&t-referrer_search_query=macbook&t-referrer_sort_by=popular&t-tap_index=14
thecoffeelife,14 hours ago,Applecare+ M1 Macbook Air 2020 8GB ram,S$980,Like new,https://carousell.sg/p/applecare-m1-macbook-air-2020-8gb-ram-1267748408/?t-id=nFOSAbEtHg_1701013882919&t-referrer_browse_type=search_results&t-referrer_filter_price_min=100&t-referrer_page_type=search&t-referrer_request_id=siQHgZ_u4pllBkp-&t-referrer_search_query=macbook&t-referrer_sort_by=popular&t-tap_index=15
hrizdn,15 hours ago,Space Grey MacBook Air 13″ M2 chip,"S$1,485",Brand new,https://carousell.sg/p/space-grey-macbook-air-13″-m2-chip-1256777119/?t-id=nFOSAbEtHg_1701013882919&t-referrer_browse_type=search_results&t-referrer_filter_price_min=100&t-referrer_page_type=search&t-referrer_request_id=siQHgZ_u4pllBkp-&t-referrer_search_query=macbook&t-referrer_sort_by=popular&t-tap_index=18
layleng82,1 day ago,MacBook Air,"S$1,000",Lightly used,https://carousell.sg/p/macbook-air-1267611627/?t-id=nFOSAbEtHg_1701013882919&t-referrer_browse_type=search_results&t-referrer_filter_price_min=100&t-referrer_page_type=search&t-referrer_request_id=siQHgZ_u4pllBkp-&t-referrer_search_query=macbook&t-referrer_sort_by=popular&t-tap_index=19
gooodscery,1 day ago,"MacBook Air 13"" 2020",S$650,Lightly used,https://carousell.sg/p/macbook-air-13-2020-1267620476/?t-id=nFOSAbEtHg_1701013882919&t-referrer_browse_type=search_results&t-referrer_filter_price_min=100&t-referrer_page_type=search&t-referrer_request_id=siQHgZ_u4pllBkp-&t-referrer_search_query=macbook&t-referrer_sort_by=popular&t-tap_index=20
brucewillis92,1 day ago,MacBook Pro 13inch,S$450,Lightly used,https://carousell.sg/p/macbook-pro-13inch-1267681346/?t-id=nFOSAbEtHg_1701013882919&t-referrer_browse_type=search_results&t-referrer_filter_price_min=100&t-referrer_page_type=search&t-referrer_request_id=siQHgZ_u4pllBkp-&t-referrer_search_query=macbook&t-referrer_sort_by=popular&t-tap_index=21
mhd3115,6 hours ago,"Macbook Pro Spacegrey 14""","S$2,300",Like new,https://carousell.sg/p/macbook-pro-spacegrey-14-1267841699/?t-id=nFOSAbEtHg_1701013882919&t-referrer_browse_type=search_results&t-referrer_filter_price_min=100&t-referrer_page_type=search&t-referrer_request_id=siQHgZ_u4pllBkp-&t-referrer_search_query=macbook&t-referrer_sort_by=popular&t-tap_index=22
philoozie,15 hours ago,MacBook Pro 2020 Intel processor 16gb ram good condition,"S$1,500",Lightly used,https://carousell.sg/p/macbook-pro-2020-intel-processor-16gb-ram-good-condition-1267739704/?t-id=nFOSAbEtHg_1701013882919&t-referrer_browse_type=search_results&t-referrer_filter_price_min=100&t-referrer_page_type=search&t-referrer_request_id=siQHgZ_u4pllBkp-&t-referrer_search_query=macbook&t-referrer_sort_by=popular&t-tap_index=23
asihag70,23 hours ago,MacBook Air Core i7,S$639,Like new,https://carousell.sg/p/macbook-air-core-i7-1255051667/?t-id=nFOSAbEtHg_1701013882919&t-referrer_browse_type=search_results&t-referrer_filter_price_min=100&t-referrer_page_type=search&t-referrer_request_id=siQHgZ_u4pllBkp-&t-referrer_search_query=macbook&t-referrer_sort_by=popular&t-tap_index=24
themender,6 hours ago,"Apple 2023 MacBook Pro 16 M2 Pro, 32GB RAM, 1TB SSD Space Grey","S$2,700",Like new,https://carousell.sg/p/apple-2023-macbook-pro-16-m2-pro-32gb-ram-1tb-ssd-space-grey-1267842951/?t-id=nFOSAbEtHg_1701013882919&t-referrer_browse_type=search_results&t-referrer_filter_price_min=100&t-referrer_page_type=search&t-referrer_request_id=siQHgZ_u4pllBkp-&t-referrer_search_query=macbook&t-referrer_sort_by=popular&t-tap_index=25
trezzz,1 day ago,Macbook pro|13 inch|core i5 2.3Ghz| 2019,S$790,Like new,https://carousell.sg/p/macbook-pro-13-inch-core-i5-2-3ghz-2019-1264062987/?t-id=nFOSAbEtHg_1701013882919&t-referrer_browse_type=search_results&t-referrer_filter_price_min=100&t-referrer_page_type=search&t-referrer_request_id=siQHgZ_u4pllBkp-&t-referrer_search_query=macbook&t-referrer_sort_by=popular&t-tap_index=26
totoro290990,2 days ago,MacBook Air m1 13inch,S$900,Like new,https://carousell.sg/p/macbook-air-m1-13inch-1267530877/?t-id=nFOSAbEtHg_1701013882919&t-referrer_browse_type=search_results&t-referrer_filter_price_min=100&t-referrer_page_type=search&t-referrer_request_id=siQHgZ_u4pllBkp-&t-referrer_search_query=macbook&t-referrer_sort_by=popular&t-tap_index=27
roryng,2 days ago,MacBook Air M1 chip 256GB 16GB ram,S$830,Like new,https://carousell.sg/p/macbook-air-m1-chip-256gb-16gb-ram-1267493387/?t-id=nFOSAbEtHg_1701013882919&t-referrer_browse_type=search_results&t-referrer_filter_price_min=100&t-referrer_page_type=search&t-referrer_request_id=siQHgZ_u4pllBkp-&t-referrer_search_query=macbook&t-referrer_sort_by=popular&t-tap_index=28
spradd,2 days ago,Apple MacBook Air Gold,S$749,Lightly used,https://carousell.sg/p/apple-macbook-air-gold-1267555617/?t-id=nFOSAbEtHg_1701013882919&t-referrer_browse_type=search_results&t-referrer_filter_price_min=100&t-referrer_page_type=search&t-referrer_request_id=siQHgZ_u4pllBkp-&t-referrer_search_query=macbook&t-referrer_sort_by=popular&t-tap_index=30
itc_adm,1 day ago,Fast Speed Apple MacBook Air Slim & LightWeight Laptop + MS Office + SSD,S$380,Like new,https://carousell.sg/p/fast-speed-apple-macbook-air-slim-lightweight-laptop-ms-office-ssd-1267655345/?t-id=nFOSAbEtHg_1701013882919&t-referrer_browse_type=search_results&t-referrer_filter_price_min=100&t-referrer_page_type=search&t-referrer_request_id=siQHgZ_u4pllBkp-&t-referrer_search_query=macbook&t-referrer_sort_by=popular&t-tap_index=32
the-godvader,1 day ago,MacBook Air M1,S$895,Lightly used,https://carousell.sg/p/macbook-air-m1-1267598688/?t-id=nFOSAbEtHg_1701013882919&t-referrer_browse_type=search_results&t-referrer_filter_price_min=100&t-referrer_page_type=search&t-referrer_request_id=siQHgZ_u4pllBkp-&t-referrer_search_query=macbook&t-referrer_sort_by=popular&t-tap_index=33
filippop,8 hours ago,MacBook Air 11 2012 inc charging cable,S$200,Lightly used,https://carousell.sg/p/macbook-air-11-2012-inc-charging-cable-1267815632/?t-id=nFOSAbEtHg_1701013882919&t-referrer_browse_type=search_results&t-referrer_filter_price_min=100&t-referrer_page_type=search&t-referrer_request_id=siQHgZ_u4pllBkp-&t-referrer_search_query=macbook&t-referrer_sort_by=popular&t-tap_index=34
themacvision,1 day ago,MacBook Air 13 inch M1 chip Like New,S$988,Like new,https://carousell.sg/p/macbook-air-13-inch-m1-chip-like-new-1264703651/?t-id=nFOSAbEtHg_1701013882919&t-referrer_browse_type=search_results&t-referrer_filter_price_min=100&t-referrer_page_type=search&t-referrer_request_id=siQHgZ_u4pllBkp-&t-referrer_search_query=macbook&t-referrer_sort_by=popular&t-tap_index=35
kylbuyandsell,23 hours ago,MacBook Pro 13 Inch (2016),S$760,Well used,https://carousell.sg/p/macbook-pro-13-inch-2016-1267714402/?t-id=nFOSAbEtHg_1701013882919&t-referrer_browse_type=search_results&t-referrer_filter_price_min=100&t-referrer_page_type=search&t-referrer_request_id=siQHgZ_u4pllBkp-&t-referrer_search_query=macbook&t-referrer_sort_by=popular&t-tap_index=36
ragaz,3 hours ago,"2018 Apple Macbook air 13.3inch (1.6 GHz dual core i5, 16gb RAM, 500GB HDD)",S$700,Lightly used,https://carousell.sg/p/2018-apple-macbook-air-13-3inch-1-6-ghz-dual-core-i5-16gb-ram-500gb-hdd-1267870712/?t-id=nFOSAbEtHg_1701013882919&t-referrer_browse_type=search_results&t-referrer_filter_price_min=100&t-referrer_page_type=search&t-referrer_request_id=siQHgZ_u4pllBkp-&t-referrer_search_query=macbook&t-referrer_sort_by=popular&t-tap_index=37
heyheyhohoho,9 hours ago,"Apple MacBook Pro 14” M2 Max with 12C CPU, 38C GPU","S$3,888",Like new,https://carousell.sg/p/apple-macbook-pro-14”-m2-max-with-12c-cpu-38c-gpu-1267803888/?t-id=nFOSAbEtHg_1701013882919&t-referrer_browse_type=search_results&t-referrer_filter_price_min=100&t-referrer_page_type=search&t-referrer_request_id=siQHgZ_u4pllBkp-&t-referrer_search_query=macbook&t-referrer_sort_by=popular&t-tap_index=38
santaclausgiveaway,22 hours ago,[New Battery] Macbook Pro 2017,S$589,Well used,https://carousell.sg/p/new-battery-macbook-pro-2017-1267720821/?t-id=nFOSAbEtHg_1701013882919&t-referrer_browse_type=search_results&t-referrer_filter_price_min=100&t-referrer_page_type=search&t-referrer_request_id=siQHgZ_u4pllBkp-&t-referrer_search_query=macbook&t-referrer_sort_by=popular&t-tap_index=39
apotter,13 hours ago,"MacBook Pro 15-inch 2018 2.9 GHz with upgraded processor, memory, and storage",S$989,Well used,https://carousell.sg/p/macbook-pro-15-inch-2018-2-9-ghz-with-upgraded-processor-memory-and-storage-1267756017/?t-id=nFOSAbEtHg_1701013882919&t-referrer_browse_type=search_results&t-referrer_filter_price_min=100&t-referrer_page_type=search&t-referrer_request_id=siQHgZ_u4pllBkp-&t-referrer_search_query=macbook&t-referrer_sort_by=popular&t-tap_index=40
kraex,1 day ago,MACBOOK M2 AIR 512GB 8GB,"S$1,150",Like new,https://carousell.sg/p/macbook-m2-air-512gb-8gb-1267703335/?t-id=nFOSAbEtHg_1701013882919&t-referrer_browse_type=search_results&t-referrer_filter_price_min=100&t-referrer_page_type=search&t-referrer_request_id=siQHgZ_u4pllBkp-&t-referrer_search_query=macbook&t-referrer_sort_by=popular&t-tap_index=41
leslie.wks,2 days ago,MacBook Pro M1 Pro Used for sale,"S$2,000",Lightly used,https://carousell.sg/p/macbook-pro-m1-pro-used-for-sale-1267570995/?t-id=nFOSAbEtHg_1701013882919&t-referrer_browse_type=search_results&t-referrer_filter_price_min=100&t-referrer_page_type=search&t-referrer_request_id=siQHgZ_u4pllBkp-&t-referrer_search_query=macbook&t-referrer_sort_by=popular&t-tap_index=43
victorhe,11 hours ago,MacBook Pro 2019 16 inch Touch bar,"S$1,050",Lightly used,https://carousell.sg/p/macbook-pro-2019-16-inch-touch-bar-1267779864/?t-id=nFOSAbEtHg_1701013882919&t-referrer_browse_type=search_results&t-referrer_filter_price_min=100&t-referrer_page_type=search&t-referrer_request_id=siQHgZ_u4pllBkp-&t-referrer_search_query=macbook&t-referrer_sort_by=popular&t-tap_index=44
mystshoppe,1 day ago,MacBook Pro 13” 2015,S$450,Well used,https://carousell.sg/p/macbook-pro-13”-2015-1267620386/?t-id=nFOSAbEtHg_1701013882919&t-referrer_browse_type=search_results&t-referrer_filter_price_min=100&t-referrer_page_type=search&t-referrer_request_id=siQHgZ_u4pllBkp-&t-referrer_search_query=macbook&t-referrer_sort_by=popular&t-tap_index=45
mint.co,11 hours ago,MacBook Air M1 Silver,S$900,Like new,https://carousell.sg/p/macbook-air-m1-silver-1267772735/?t-id=nFOSAbEtHg_1701013882919&t-referrer_browse_type=search_results&t-referrer_filter_price_min=100&t-referrer_page_type=search&t-referrer_request_id=siQHgZ_u4pllBkp-&t-referrer_search_query=macbook&t-referrer_sort_by=popular&t-tap_index=46
sangseoplee,14 hours ago,Apple Macbook Air 15 inch m2 (Silver),"S$1,580",Brand new,https://carousell.sg/p/apple-macbook-air-15-inch-m2-silver-1267745283/?t-id=nFOSAbEtHg_1701013882919&t-referrer_browse_type=search_results&t-referrer_filter_price_min=100&t-referrer_page_type=search&t-referrer_request_id=siQHgZ_u4pllBkp-&t-referrer_search_query=macbook&t-referrer_sort_by=popular&t-tap_index=48
alexshah9598,21 hours ago,Apple MacBook Air 13” 2020 m1 256gb with magic mouse and warranty,S$800,Like new,https://carousell.sg/p/apple-macbook-air-13”-2020-m1-256gb-with-magic-mouse-and-warranty-1267725811/?t-id=nFOSAbEtHg_1701013882919&t-referrer_browse_type=search_results&t-referrer_filter_price_min=100&t-referrer_page_type=search&t-referrer_request_id=siQHgZ_u4pllBkp-&t-referrer_search_query=macbook&t-referrer_sort_by=popular&t-tap_index=49
the_librarian,2 days ago,Apple 15-inch MacBook Air M2,"S$1,660",Brand new,https://carousell.sg/p/apple-15-inch-macbook-air-m2-1267543894/?t-id=nFOSAbEtHg_1701013882919&t-referrer_browse_type=search_results&t-referrer_filter_price_min=100&t-referrer_page_type=search&t-referrer_request_id=siQHgZ_u4pllBkp-&t-referrer_search_query=macbook&t-referrer_sort_by=popular&t-tap_index=50
jrrwvegas,2 days ago,"MacBook Air - 2018, 13.3”, 1.6GHz",S$788,Well used,https://carousell.sg/p/macbook-air-2018-13-3”-1-6ghz-1267470894/?t-id=nFOSAbEtHg_1701013882919&t-referrer_browse_type=search_results&t-referrer_filter_price_min=100&t-referrer_page_type=search&t-referrer_request_id=siQHgZ_u4pllBkp-&t-referrer_search_query=macbook&t-referrer_sort_by=popular&t-tap_index=51
sandwitches,1 day ago,15in M2 MacBook Air 512GB,"S$1,800",Like new,https://carousell.sg/p/15in-m2-macbook-air-512gb-1267650101/?t-id=nFOSAbEtHg_1701013882919&t-referrer_browse_type=search_results&t-referrer_filter_price_min=100&t-referrer_page_type=search&t-referrer_request_id=siQHgZ_u4pllBkp-&t-referrer_search_query=macbook&t-referrer_sort_by=popular&t-tap_index=52
petitefits,23 hours ago,2023 100% HEALTH MACBOOK PRO 16 INCH 10 CORES 16 GPU 16GB RAM 1TB STORAGE M1 PRO,"S$2,598",Like new,https://carousell.sg/p/2023-100-health-macbook-pro-16-inch-10-cores-16-gpu-16gb-ram-1tb-storage-m1-pro-1267718224/?t-id=nFOSAbEtHg_1701013882919&t-referrer_browse_type=search_results&t-referrer_filter_price_min=100&t-referrer_page_type=search&t-referrer_request_id=siQHgZ_u4pllBkp-&t-referrer_search_query=macbook&t-referrer_sort_by=popular&t-tap_index=54
loiuszing,6 hours ago,MacBook Pro M2 Pristine Condition Full Box Applecare,"S$1,390",Like new,https://carousell.sg/p/macbook-pro-m2-pristine-condition-full-box-applecare-1267844422/?t-id=nFOSAbEtHg_1701013882919&t-referrer_browse_type=search_results&t-referrer_filter_price_min=100&t-referrer_page_type=search&t-referrer_request_id=siQHgZ_u4pllBkp-&t-referrer_search_query=macbook&t-referrer_sort_by=popular&t-tap_index=55
lxt091009269942,2 days ago,Apple MacBook Pro,S$799,Well used,https://carousell.sg/p/apple-macbook-pro-1267517812/?t-id=nFOSAbEtHg_1701013882919&t-referrer_browse_type=search_results&t-referrer_filter_price_min=100&t-referrer_page_type=search&t-referrer_request_id=siQHgZ_u4pllBkp-&t-referrer_search_query=macbook&t-referrer_sort_by=popular&t-tap_index=56
sallyzwally,1 day ago,BN Macbook Air 13-Inch with M2 Chip (Space Grey),"S$1,500",Brand new,https://carousell.sg/p/bn-macbook-air-13-inch-with-m2-chip-space-grey-1267632414/?t-id=nFOSAbEtHg_1701013882919&t-referrer_browse_type=search_results&t-referrer_filter_price_min=100&t-referrer_page_type=search&t-referrer_request_id=siQHgZ_u4pllBkp-&t-referrer_search_query=macbook&t-referrer_sort_by=popular&t-tap_index=57
nnelg65,1 day ago,[Pristine condition] MacBook Pro 16 inch/ M1 Pro (2021)/ 16 core GPU/ 32GB memory/ 1 TB storage,"S$2,850",Like new,https://carousell.sg/p/pristine-condition-macbook-pro-16-inch-m1-pro-2021-16-core-gpu-32gb-memory-1-tb-storage-1267693192/?t-id=nFOSAbEtHg_1701013882919&t-referrer_browse_type=search_results&t-referrer_filter_price_min=100&t-referrer_page_type=search&t-referrer_request_id=siQHgZ_u4pllBkp-&t-referrer_search_query=macbook&t-referrer_sort_by=popular&t-tap_index=58
bicyclesin36800,2 days ago,"Apple 13 inch MacBook Air (M1 chip, 8 core CPU, 8GB RAM, 2020 Model) new","S$1,135",Brand new,https://carousell.sg/p/apple-13-inch-macbook-air-m1-chip-8-core-cpu-8gb-ram-2020-model-new-1267550267/?t-id=nFOSAbEtHg_1701013882919&t-referrer_browse_type=search_results&t-referrer_filter_price_min=100&t-referrer_page_type=search&t-referrer_request_id=siQHgZ_u4pllBkp-&t-referrer_search_query=macbook&t-referrer_sort_by=popular&t-tap_index=59
mydestiny_2222,1 day ago,Apple MacBook Air M2 15inch,"S$1,620",Brand new,https://carousell.sg/p/apple-macbook-air-m2-15inch-1267637065/?t-id=nFOSAbEtHg_1701013882919&t-referrer_browse_type=search_results&t-referrer_filter_price_min=100&t-referrer_page_type=search&t-referrer_request_id=siQHgZ_u4pllBkp-&t-referrer_search_query=macbook&t-referrer_sort_by=popular&t-tap_index=60
Tampines273,12 hours ago,"Macbook Air 13"" 2015, Core i5, 8GB/256GB, Batt count 50",S$260,Lightly used,https://carousell.sg/p/macbook-air-13-2015-core-i5-8gb-256gb-batt-count-50-1267760750/?t-id=nFOSAbEtHg_1701013882919&t-referrer_browse_type=search_results&t-referrer_filter_price_min=100&t-referrer_page_type=search&t-referrer_request_id=siQHgZ_u4pllBkp-&t-referrer_search_query=macbook&t-referrer_sort_by=popular&t-tap_index=61
ramp92,1 day ago,M2 Macbook 15 air space grey,"S$1,630",Brand new,https://carousell.sg/p/m2-macbook-15-air-space-grey-1267672510/?t-id=nFOSAbEtHg_1701013882919&t-referrer_browse_type=search_results&t-referrer_filter_price_min=100&t-referrer_page_type=search&t-referrer_request_id=siQHgZ_u4pllBkp-&t-referrer_search_query=macbook&t-referrer_sort_by=popular&t-tap_index=62
hnxxx,1 day ago,Brand new 13-inch MacBook Air with M2 chip - Space Grey,"S$1,500",Brand new,https://carousell.sg/p/brand-new-13-inch-macbook-air-with-m2-chip-space-grey-1267601663/?t-id=nFOSAbEtHg_1701013882919&t-referrer_browse_type=search_results&t-referrer_filter_price_min=100&t-referrer_page_type=search&t-referrer_request_id=siQHgZ_u4pllBkp-&t-referrer_search_query=macbook&t-referrer_sort_by=popular&t-tap_index=63
cy.lee.58,2 days ago,MacBook Air M2 13” 512GB (bought Oct 23),"S$1,588",Like new,https://carousell.sg/p/macbook-air-m2-13”-512gb-bought-oct-23-1267496721/?t-id=nFOSAbEtHg_1701013882919&t-referrer_browse_type=search_results&t-referrer_filter_price_min=100&t-referrer_page_type=search&t-referrer_request_id=siQHgZ_u4pllBkp-&t-referrer_search_query=macbook&t-referrer_sort_by=popular&t-tap_index=64
m.syaddieq,2 days ago,MacBook Air 13 inch M2 8 Core GPU and apple care till 2026,"S$1,450",Like new,https://carousell.sg/p/macbook-air-13-inch-m2-8-core-gpu-and-apple-care-till-2026-1267501556/?t-id=nFOSAbEtHg_1701013882919&t-referrer_browse_type=search_results&t-referrer_filter_price_min=100&t-referrer_page_type=search&t-referrer_request_id=siQHgZ_u4pllBkp-&t-referrer_search_query=macbook&t-referrer_sort_by=popular&t-tap_index=65
4gs88export,5 hours ago,"Macbook Pro 13"" touch bar 2018 (i5/8GB/512GB)",S$759,Like new,https://carousell.sg/p/macbook-pro-13-touch-bar-2018-i5-8gb-512gb-1259539407/?t-id=nFOSAbEtHg_1701013882919&t-referrer_browse_type=search_results&t-referrer_filter_price_min=100&t-referrer_page_type=search&t-referrer_request_id=siQHgZ_u4pllBkp-&t-referrer_search_query=macbook&t-referrer_sort_by=popular&t-tap_index=66
4gs88export,5 hours ago,"Macbook Pro 13"" 2018 touch bar (i5/8GB/512GB)",S$699,Lightly used,https://carousell.sg/p/macbook-pro-13-2018-touch-bar-i5-8gb-512gb-1267289385/?t-id=nFOSAbEtHg_1701013882919&t-referrer_browse_type=search_results&t-referrer_filter_price_min=100&t-referrer_page_type=search&t-referrer_request_id=siQHgZ_u4pllBkp-&t-referrer_search_query=macbook&t-referrer_sort_by=popular&t-tap_index=67
noel.gallagher,2 days ago,MacBook Pro 13inch,"S$1,550",Like new,https://carousell.sg/p/macbook-pro-13inch-1267489449/?t-id=nFOSAbEtHg_1701013882919&t-referrer_browse_type=search_results&t-referrer_filter_price_min=100&t-referrer_page_type=search&t-referrer_request_id=siQHgZ_u4pllBkp-&t-referrer_search_query=macbook&t-referrer_sort_by=popular&t-tap_index=68
texasburger,2 days ago,MacBook Air M1 space grey,"S$1,050",Brand new,https://carousell.sg/p/macbook-air-m1-space-grey-1267495346/?t-id=nFOSAbEtHg_1701013882919&t-referrer_browse_type=search_results&t-referrer_filter_price_min=100&t-referrer_page_type=search&t-referrer_request_id=siQHgZ_u4pllBkp-&t-referrer_search_query=macbook&t-referrer_sort_by=popular&t-tap_index=69
4gs88export,5 hours ago,Macbook Pro 13 M1 2020 (16GB Ram/ 512GB),"S$1,249",Lightly used,https://carousell.sg/p/macbook-pro-13-m1-2020-16gb-ram-512gb-1266312927/?t-id=nFOSAbEtHg_1701013882919&t-referrer_browse_type=search_results&t-referrer_filter_price_min=100&t-referrer_page_type=search&t-referrer_request_id=zwgu-wwKKX0mmmav&t-referrer_search_query=macbook&t-referrer_sort_by=popular&t-tap_index=70
4gs88export,5 hours ago,Macbook Pro 13 M1 2020 (16GB/512GB),"S$1,299",Like new,https://carousell.sg/p/macbook-pro-13-m1-2020-16gb-512gb-1229928271/?t-id=nFOSAbEtHg_1701013882919&t-referrer_browse_type=search_results&t-referrer_filter_price_min=100&t-referrer_page_type=search&t-referrer_request_id=zwgu-wwKKX0mmmav&t-referrer_search_query=macbook&t-referrer_sort_by=popular&t-tap_index=73
jgg09,1 day ago,"Apple MacBook Pro 14-inch M3Pro (11-core CPU, 14-core GPU, 18GB unified memory, 512GB SSD Storage) Space Black","S$2,699",Brand new,https://carousell.sg/p/apple-macbook-pro-14-inch-m3pro-11-core-cpu-14-core-gpu-18gb-unified-memory-512gb-ssd-storage-space-black-1267617509/?t-id=nFOSAbEtHg_1701013882919&t-referrer_browse_type=search_results&t-referrer_filter_price_min=100&t-referrer_page_type=search&t-referrer_request_id=zwgu-wwKKX0mmmav&t-referrer_search_query=macbook&t-referrer_sort_by=popular&t-tap_index=74
colorsaur,1 day ago,Macbook pro M3 1TB,"S$2,390",Brand new,https://carousell.sg/p/macbook-pro-m3-1tb-1267641841/?t-id=nFOSAbEtHg_1701013882919&t-referrer_browse_type=search_results&t-referrer_filter_price_min=100&t-referrer_page_type=search&t-referrer_request_id=zwgu-wwKKX0mmmav&t-referrer_search_query=macbook&t-referrer_sort_by=popular&t-tap_index=75
4gs88export,5 hours ago,Macbook Pro M1 2020 (8GB/512GB),"S$1,189",Like new,https://carousell.sg/p/macbook-pro-m1-2020-8gb-512gb-1265602732/?t-id=nFOSAbEtHg_1701013882919&t-referrer_browse_type=search_results&t-referrer_filter_price_min=100&t-referrer_page_type=search&t-referrer_request_id=zwgu-wwKKX0mmmav&t-referrer_search_query=macbook&t-referrer_sort_by=popular&t-tap_index=76
bobby_king,2 days ago,"MacBook Pro (Retina, 15-inch) intel Core i7 2.8Ghz ",S$478,Lightly used,https://carousell.sg/p/macbook-pro-retina-15-inch-intel-core-i7-2-8ghz-1267531461/?t-id=nFOSAbEtHg_1701013882919&t-referrer_browse_type=search_results&t-referrer_filter_price_min=100&t-referrer_page_type=search&t-referrer_request_id=zwgu-wwKKX0mmmav&t-referrer_search_query=macbook&t-referrer_sort_by=popular&t-tap_index=77
black.pearl,2 days ago,"BNIB MacBook Pro 14-inch M3 chip (SRP: $2,299)","S$2,160",Brand new,https://carousell.sg/p/bnib-macbook-pro-14-inch-m3-chip-srp-2-299-1267541991/?t-id=nFOSAbEtHg_1701013882919&t-referrer_browse_type=search_results&t-referrer_filter_price_min=100&t-referrer_page_type=search&t-referrer_request_id=zwgu-wwKKX0mmmav&t-referrer_search_query=macbook&t-referrer_sort_by=popular&t-tap_index=78
ray2388,2 days ago,MacBook Air 15inch M2,"S$1,850",Brand new,https://carousell.sg/p/macbook-air-15inch-m2-1267447803/?t-id=nFOSAbEtHg_1701013882919&t-referrer_browse_type=search_results&t-referrer_filter_price_min=100&t-referrer_page_type=search&t-referrer_request_id=zwgu-wwKKX0mmmav&t-referrer_search_query=macbook&t-referrer_sort_by=popular&t-tap_index=79
mskimba,1 day ago,14 inch M3 Macbook Pro 8GB RAM / 1TB SSD (Space Grey),"S$2,350",Brand new,https://carousell.sg/p/14-inch-m3-macbook-pro-8gb-ram-1tb-ssd-space-grey-1267621076/?t-id=nFOSAbEtHg_1701013882919&t-referrer_browse_type=search_results&t-referrer_filter_price_min=100&t-referrer_page_type=search&t-referrer_request_id=zwgu-wwKKX0mmmav&t-referrer_search_query=macbook&t-referrer_sort_by=popular&t-tap_index=80
cdagana,2 days ago,MacBook Pro 14 M1 Space Grey,"S$2,199",Like new,https://carousell.sg/p/macbook-pro-14-m1-space-grey-1267554267/?t-id=nFOSAbEtHg_1701013882919&t-referrer_browse_type=search_results&t-referrer_filter_price_min=100&t-referrer_page_type=search&t-referrer_request_id=zwgu-wwKKX0mmmav&t-referrer_search_query=macbook&t-referrer_sort_by=popular&t-tap_index=81
meatheadz,1 day ago,Macbook Pro 16 inch 2021,"S$3,200",Lightly used,https://carousell.sg/p/macbook-pro-16-inch-2021-1267639700/?t-id=nFOSAbEtHg_1701013882919&t-referrer_browse_type=search_results&t-referrer_filter_price_min=100&t-referrer_page_type=search&t-referrer_request_id=zwgu-wwKKX0mmmav&t-referrer_search_query=macbook&t-referrer_sort_by=popular&t-tap_index=82
ajayinsg,1 day ago,MacBook Pro 16”,"S$2,500",Lightly used,https://carousell.sg/p/macbook-pro-16”-1267615013/?t-id=nFOSAbEtHg_1701013882919&t-referrer_browse_type=search_results&t-referrer_filter_price_min=100&t-referrer_page_type=search&t-referrer_request_id=zwgu-wwKKX0mmmav&t-referrer_search_query=macbook&t-referrer_sort_by=popular&t-tap_index=83
tm_tp_cashconverters,7 hours ago,"TP-Apple Macbook Pro (13-inch, 2017, Four Thunderbolt 3 Ports)",S$500,Heavily used,https://carousell.sg/p/tp-apple-macbook-pro-13-inch-2017-four-thunderbolt-3-ports-1267825890/?t-id=nFOSAbEtHg_1701013882919&t-referrer_browse_type=search_results&t-referrer_filter_price_min=100&t-referrer_page_type=search&t-referrer_request_id=zwgu-wwKKX0mmmav&t-referrer_search_query=macbook&t-referrer_sort_by=popular&t-tap_index=85
lightlike,2 days ago,"MacBook Air M2 13"" 256GB Silver","S$1,450",Brand new,https://carousell.sg/p/macbook-air-m2-13-256gb-silver-1267457383/?t-id=nFOSAbEtHg_1701013882919&t-referrer_browse_type=search_results&t-referrer_filter_price_min=100&t-referrer_page_type=search&t-referrer_request_id=zwgu-wwKKX0mmmav&t-referrer_search_query=macbook&t-referrer_sort_by=popular&t-tap_index=87
z0rrs,1 day ago,"WTS Macbook Pro 14"" (2021 Model)","S$1,888",Like new,https://carousell.sg/p/wts-macbook-pro-14-2021-model-1267603899/?t-id=nFOSAbEtHg_1701013882919&t-referrer_browse_type=search_results&t-referrer_filter_price_min=100&t-referrer_page_type=search&t-referrer_request_id=zwgu-wwKKX0mmmav&t-referrer_search_query=macbook&t-referrer_sort_by=popular&t-tap_index=88
xoulx,2 days ago,Macbook Pro 2017 4 Thunderbolt Port,S$500,Well used,https://carousell.sg/p/macbook-pro-2017-4-thunderbolt-port-1267495982/?t-id=nFOSAbEtHg_1701013882919&t-referrer_browse_type=search_results&t-referrer_filter_price_min=100&t-referrer_page_type=search&t-referrer_request_id=zwgu-wwKKX0mmmav&t-referrer_search_query=macbook&t-referrer_sort_by=popular&t-tap_index=89
jdalarose,2 days ago,"13” M1 MacBook Pro - 16 GB memory, 1 TB storage","S$1,988",Lightly used,https://carousell.sg/p/13”-m1-macbook-pro-16-gb-memory-1-tb-storage-1267455012/?t-id=nFOSAbEtHg_1701013882919&t-referrer_browse_type=search_results&t-referrer_filter_price_min=100&t-referrer_page_type=search&t-referrer_request_id=zwgu-wwKKX0mmmav&t-referrer_search_query=macbook&t-referrer_sort_by=popular&t-tap_index=90
deathg0d,1 day ago,WTS: MacBook Pro 16” M1 Max Silver,"S$3,000",Like new,https://carousell.sg/p/wts-macbook-pro-16”-m1-max-silver-1267612039/?t-id=nFOSAbEtHg_1701013882919&t-referrer_browse_type=search_results&t-referrer_filter_price_min=100&t-referrer_page_type=search&t-referrer_request_id=zwgu-wwKKX0mmmav&t-referrer_search_query=macbook&t-referrer_sort_by=popular&t-tap_index=91
utsoftie,2 days ago,M1 MacBook Pro 13inch 8GB  (2020),"S$1,000",Well used,https://carousell.sg/p/m1-macbook-pro-13inch-8gb-2020-1267445314/?t-id=nFOSAbEtHg_1701013882919&t-referrer_browse_type=search_results&t-referrer_filter_price_min=100&t-referrer_page_type=search&t-referrer_request_id=zwgu-wwKKX0mmmav&t-referrer_search_query=macbook&t-referrer_sort_by=popular&t-tap_index=92
jimolaoren,2 days ago,MacBook Air with M1 chip Grey 8Gb 256GB with Magic Mouse,S$950,Like new,https://carousell.sg/p/macbook-air-with-m1-chip-grey-8gb-256gb-with-magic-mouse-1267459817/?t-id=nFOSAbEtHg_1701013882919&t-referrer_browse_type=search_results&t-referrer_filter_price_min=100&t-referrer_page_type=search&t-referrer_request_id=zwgu-wwKKX0mmmav&t-referrer_search_query=macbook&t-referrer_sort_by=popular&t-tap_index=93
csinmaz,12 hours ago,MacBook Pro M3 8g/512gb,"S$2,099",Brand new,https://carousell.sg/p/macbook-pro-m3-8g-512gb-1266846297/?t-id=nFOSAbEtHg_1701013882919&t-referrer_browse_type=search_results&t-referrer_filter_price_min=100&t-referrer_page_type=search&t-referrer_request_id=zwgu-wwKKX0mmmav&t-referrer_search_query=macbook&t-referrer_sort_by=popular&t-tap_index=94
ttoasts,2 days ago,MacBook Pro M3 Chip,"S$2,150",Brand new,https://carousell.sg/p/macbook-pro-m3-chip-1267475760/?t-id=nFOSAbEtHg_1701013882919&t-referrer_browse_type=search_results&t-referrer_filter_price_min=100&t-referrer_page_type=search&t-referrer_request_id=zwgu-wwKKX0mmmav&t-referrer_search_query=macbook&t-referrer_sort_by=popular&t-tap_index=95
stanleysong,2 days ago,MacBook Pro 16 inch,"S$2,300",Like new,https://carousell.sg/p/macbook-pro-16-inch-1256482089/?t-id=nFOSAbEtHg_1701013882919&t-referrer_browse_type=search_results&t-referrer_filter_price_min=100&t-referrer_page_type=search&t-referrer_request_id=zwgu-wwKKX0mmmav&t-referrer_search_query=macbook&t-referrer_sort_by=popular&t-tap_index=96
colorsaur,2 days ago,BNIB Macbook Pro M3 1TB space gray,"S$2,399",Brand new,https://carousell.sg/p/bnib-macbook-pro-m3-1tb-space-gray-1267552143/?t-id=nFOSAbEtHg_1701013882919&t-referrer_browse_type=search_results&t-referrer_filter_price_min=100&t-referrer_page_type=search&t-referrer_request_id=zwgu-wwKKX0mmmav&t-referrer_search_query=macbook&t-referrer_sort_by=popular&t-tap_index=98
26haruuuuuka,2 days ago,"Macbook Air (13-inch, 2017)",S$420,Lightly used,https://carousell.sg/p/macbook-air-13-inch-2017-1267439365/?t-id=nFOSAbEtHg_1701013882919&t-referrer_browse_type=search_results&t-referrer_filter_price_min=100&t-referrer_page_type=search&t-referrer_request_id=zwgu-wwKKX0mmmav&t-referrer_search_query=macbook&t-referrer_sort_by=popular&t-tap_index=100
wakeupneo,2 days ago,MacBook Air M1 16GB Space Grey,S$950,Like new,https://carousell.sg/p/macbook-air-m1-16gb-space-grey-1267436209/?t-id=nFOSAbEtHg_1701013882919&t-referrer_browse_type=search_results&t-referrer_filter_price_min=100&t-referrer_page_type=search&t-referrer_request_id=zwgu-wwKKX0mmmav&t-referrer_search_query=macbook&t-referrer_sort_by=popular&t-tap_index=101
reserveshopsg,2 days ago,Macbook,"S$1,500",Well used,https://carousell.sg/p/macbook-1267435844/?t-id=nFOSAbEtHg_1701013882919&t-referrer_browse_type=search_results&t-referrer_filter_price_min=100&t-referrer_page_type=search&t-referrer_request_id=zwgu-wwKKX0mmmav&t-referrer_search_query=macbook&t-referrer_sort_by=popular&t-tap_index=103
murakamismile,2 days ago,APPLE MacBook Air 2012,S$150,Well used,https://carousell.sg/p/apple-macbook-air-2012-1267429734/?t-id=nFOSAbEtHg_1701013882919&t-referrer_browse_type=search_results&t-referrer_filter_price_min=100&t-referrer_page_type=search&t-referrer_request_id=zwgu-wwKKX0mmmav&t-referrer_search_query=macbook&t-referrer_sort_by=popular&t-tap_index=104
gadtronsin46970,2 days ago,"MacBook Pro (15-inch, Mid 2010)",S$480,Lightly used,https://carousell.sg/p/macbook-pro-15-inch-mid-2010-1267428111/?t-id=nFOSAbEtHg_1701013882919&t-referrer_browse_type=search_results&t-referrer_filter_price_min=100&t-referrer_page_type=search&t-referrer_request_id=zwgu-wwKKX0mmmav&t-referrer_search_query=macbook&t-referrer_sort_by=popular&t-tap_index=105
jxhn27,2 days ago,13’’ MacBook Pro Touch Bar,"S$1,050",Lightly used,https://carousell.sg/p/13’’-macbook-pro-touch-bar-1267427614/?t-id=nFOSAbEtHg_1701013882919&t-referrer_browse_type=search_results&t-referrer_filter_price_min=100&t-referrer_page_type=search&t-referrer_request_id=zwgu-wwKKX0mmmav&t-referrer_search_query=macbook&t-referrer_sort_by=popular&t-tap_index=106
CREData,2 days ago,MacBook Pro  - In perfect condition and it is new battery,S$780,Like new,https://carousell.sg/p/macbook-pro-in-perfect-condition-and-it-is-new-battery-1267421994/?t-id=nFOSAbEtHg_1701013882919&t-referrer_browse_type=search_results&t-referrer_filter_price_min=100&t-referrer_page_type=search&t-referrer_request_id=zwgu-wwKKX0mmmav&t-referrer_search_query=macbook&t-referrer_sort_by=popular&t-tap_index=107
zhapkua,2 days ago,Sell laptop new used spoilt MacBooks sell gaming laptop iMac pc cpu,"S$2,980",Heavily used,https://carousell.sg/p/sell-laptop-new-used-spoilt-macbooks-sell-gaming-laptop-imac-pc-cpu-1145081137/?t-id=nFOSAbEtHg_1701013882919&t-referrer_browse_type=search_results&t-referrer_filter_price_min=100&t-referrer_page_type=search&t-referrer_request_id=zwgu-wwKKX0mmmav&t-referrer_search_query=macbook&t-referrer_sort_by=popular&t-tap_index=108
thisbeebee,2 days ago,Macbook Pro 13 inch M2 2022,"S$1,700",Brand new,https://carousell.sg/p/macbook-pro-13-inch-m2-2022-1267411551/?t-id=nFOSAbEtHg_1701013882919&t-referrer_browse_type=search_results&t-referrer_filter_price_min=100&t-referrer_page_type=search&t-referrer_request_id=zwgu-wwKKX0mmmav&t-referrer_search_query=macbook&t-referrer_sort_by=popular&t-tap_index=109
eizaan,2 days ago,MACBOOK AIR M1 CHIP,"S$1,200",Lightly used,https://carousell.sg/p/macbook-air-m1-chip-1267408968/?t-id=nFOSAbEtHg_1701013882919&t-referrer_browse_type=search_results&t-referrer_filter_price_min=100&t-referrer_page_type=search&t-referrer_request_id=zwgu-wwKKX0mmmav&t-referrer_search_query=macbook&t-referrer_sort_by=popular&t-tap_index=111
monirhosse33239,3 days ago,MacBook Air 2018,S$640,Like new,https://carousell.sg/p/macbook-air-2018-1267399092/?t-id=nFOSAbEtHg_1701013882919&t-referrer_browse_type=search_results&t-referrer_filter_price_min=100&t-referrer_page_type=search&t-referrer_request_id=zwgu-wwKKX0mmmav&t-referrer_search_query=macbook&t-referrer_sort_by=popular&t-tap_index=112
ilovefrio,3 days ago,MacBook Pro 2019 13 inch,"S$1,750",Brand new,https://carousell.sg/p/macbook-pro-2019-13-inch-1267396748/?t-id=nFOSAbEtHg_1701013882919&t-referrer_browse_type=search_results&t-referrer_filter_price_min=100&t-referrer_page_type=search&t-referrer_request_id=zwgu-wwKKX0mmmav&t-referrer_search_query=macbook&t-referrer_sort_by=popular&t-tap_index=113
shaiful1976,3 days ago,MacBook Pro,S$650,Like new,https://carousell.sg/p/macbook-pro-1267393554/?t-id=nFOSAbEtHg_1701013882919&t-referrer_browse_type=search_results&t-referrer_filter_price_min=100&t-referrer_page_type=search&t-referrer_request_id=zwgu-wwKKX0mmmav&t-referrer_search_query=macbook&t-referrer_sort_by=popular&t-tap_index=114
nwp1985,3 days ago,Apple Macbook Air M1 ( 2020 ),"S$1,300",Like new,https://carousell.sg/p/apple-macbook-air-m1-2020-1267390928/?t-id=nFOSAbEtHg_1701013882919&t-referrer_browse_type=search_results&t-referrer_filter_price_min=100&t-referrer_page_type=search&t-referrer_request_id=zwgu-wwKKX0mmmav&t-referrer_search_query=macbook&t-referrer_sort_by=popular&t-tap_index=115
monirhosse33239,3 days ago,MacBook Air,S$460,Like new,https://carousell.sg/p/macbook-air-1267390756/?t-id=nFOSAbEtHg_1701013882919&t-referrer_browse_type=search_results&t-referrer_filter_price_min=100&t-referrer_page_type=search&t-referrer_request_id=zwgu-wwKKX0mmmav&t-referrer_search_query=macbook&t-referrer_sort_by=popular&t-tap_index=116
sellmax,3 days ago,"Apple MacBook Pro M1, 13-inch Silver","S$1,489",Well used,https://carousell.sg/p/apple-macbook-pro-m1-13-inch-silver-1267385168/?t-id=nFOSAbEtHg_1701013882919&t-referrer_browse_type=search_results&t-referrer_filter_price_min=100&t-referrer_page_type=search&t-referrer_request_id=zwgu-wwKKX0mmmav&t-referrer_search_query=macbook&t-referrer_sort_by=popular&t-tap_index=117
luckyones,3 days ago,MacBook Air (2020/2021),"S$1,088",Brand new,https://carousell.sg/p/macbook-air-2020-2021-1267381428/?t-id=nFOSAbEtHg_1701013882919&t-referrer_browse_type=search_results&t-referrer_filter_price_min=100&t-referrer_page_type=search&t-referrer_request_id=zwgu-wwKKX0mmmav&t-referrer_search_query=macbook&t-referrer_sort_by=popular&t-tap_index=118
khseet,3 days ago,Macbook Air 15” 8/512,"S$2,000",Brand new,https://carousell.sg/p/macbook-air-15”-8-512-1267346402/?t-id=nFOSAbEtHg_1701013882919&t-referrer_browse_type=search_results&t-referrer_filter_price_min=100&t-referrer_page_type=search&t-referrer_request_id=zwgu-wwKKX0mmmav&t-referrer_search_query=macbook&t-referrer_sort_by=popular&t-tap_index=119
tech.to.you,1 day ago,Macbook Pro 2020,"S$1,050",Like new,https://carousell.sg/p/macbook-pro-2020-1267695915/?t-id=nFOSAbEtHg_1701013882919&t-referrer_browse_type=search_results&t-referrer_filter_price_min=100&t-referrer_page_type=search&t-referrer_request_id=zwgu-wwKKX0mmmav&t-referrer_search_query=macbook&t-referrer_sort_by=popular&t-tap_index=120
mysteryranch,3 days ago,macbook air m1 2020,S$888,Like new,https://carousell.sg/p/macbook-air-m1-2020-1267339983/?t-id=nFOSAbEtHg_1701013882919&t-referrer_browse_type=search_results&t-referrer_filter_price_min=100&t-referrer_page_type=search&t-referrer_request_id=zwgu-wwKKX0mmmav&t-referrer_search_query=macbook&t-referrer_sort_by=popular&t-tap_index=121
climperc2002,3 days ago,"Apple Macbook Pro 13, M2, 2022","S$1,450",Like new,https://carousell.sg/p/apple-macbook-pro-13-m2-2022-1264312814/?t-id=nFOSAbEtHg_1701013882919&t-referrer_browse_type=search_results&t-referrer_filter_price_min=100&t-referrer_page_type=search&t-referrer_request_id=zwgu-wwKKX0mmmav&t-referrer_search_query=macbook&t-referrer_sort_by=popular&t-tap_index=122
mobistarz,3 days ago,MacBook Pro 14inch 512GB A2779,"S$2,620",Brand new,https://carousell.sg/p/macbook-pro-14inch-512gb-a2779-1256369111/?t-id=nFOSAbEtHg_1701013882919&t-referrer_browse_type=search_results&t-referrer_filter_price_min=100&t-referrer_page_type=search&t-referrer_request_id=zwgu-wwKKX0mmmav&t-referrer_search_query=macbook&t-referrer_sort_by=popular&t-tap_index=123
moonfade,3 days ago,MacBook Air M1 Chip,S$845,Brand new,https://carousell.sg/p/macbook-air-m1-chip-1267332997/?t-id=nFOSAbEtHg_1701013882919&t-referrer_browse_type=search_results&t-referrer_filter_price_min=100&t-referrer_page_type=search&t-referrer_request_id=zwgu-wwKKX0mmmav&t-referrer_search_query=macbook&t-referrer_sort_by=popular&t-tap_index=124
ongkimhong,3 days ago,MacBook Air M1 ,S$800,Like new,https://carousell.sg/p/macbook-air-m1-1267327063/?t-id=nFOSAbEtHg_1701013882919&t-referrer_browse_type=search_results&t-referrer_filter_price_min=100&t-referrer_page_type=search&t-referrer_request_id=zwgu-wwKKX0mmmav&t-referrer_search_query=macbook&t-referrer_sort_by=popular&t-tap_index=125
chechio,3 days ago,Macbook Pro Early 2013,S$250,Lightly used,https://carousell.sg/p/macbook-pro-early-2013-1267322471/?t-id=nFOSAbEtHg_1701013882919&t-referrer_browse_type=search_results&t-referrer_filter_price_min=100&t-referrer_page_type=search&t-referrer_request_id=NDRlzuTU5yjuv8bY&t-referrer_search_query=macbook&t-referrer_sort_by=popular&t-tap_index=126
mdshanto1005625,1 day ago,"MacBook Pro Intel Core i5 4th Gen Ram 4GB SSD 128GB Display 13.3"" Windows 10 Battery life 4hrs (Ms Office Xcel PowerPoint Word Activated) Everything working very well",S$295,Like new,https://carousell.sg/p/macbook-pro-intel-core-i5-4th-gen-ram-4gb-ssd-128gb-display-13-3-windows-10-battery-life-4hrs-ms-office-xcel-powerpoint-word-activated-everything-working-very-well-1267677807/?t-id=nFOSAbEtHg_1701013882919&t-referrer_browse_type=search_results&t-referrer_filter_price_min=100&t-referrer_page_type=search&t-referrer_request_id=NDRlzuTU5yjuv8bY&t-referrer_search_query=macbook&t-referrer_sort_by=popular&t-tap_index=129
3ponaus,3 days ago,Macbook Pro M3 M3Pro M3Max,"S$2,199",Brand new,https://carousell.sg/p/macbook-pro-m3-m3pro-m3max-1264474082/?t-id=nFOSAbEtHg_1701013882919&t-referrer_browse_type=search_results&t-referrer_filter_price_min=100&t-referrer_page_type=search&t-referrer_request_id=NDRlzuTU5yjuv8bY&t-referrer_search_query=macbook&t-referrer_sort_by=popular&t-tap_index=130
ece.uzair,3 days ago,MacBook Pro 2023 16 inch M2 Pro,"S$3,500",Like new,https://carousell.sg/p/macbook-pro-2023-16-inch-m2-pro-1267318511/?t-id=nFOSAbEtHg_1701013882919&t-referrer_browse_type=search_results&t-referrer_filter_price_min=100&t-referrer_page_type=search&t-referrer_request_id=NDRlzuTU5yjuv8bY&t-referrer_search_query=macbook&t-referrer_sort_by=popular&t-tap_index=131
mrbs.,3 days ago,MacBook Air 13”,S$450,Lightly used,https://carousell.sg/p/macbook-air-13”-1267315063/?t-id=nFOSAbEtHg_1701013882919&t-referrer_browse_type=search_results&t-referrer_filter_price_min=100&t-referrer_page_type=search&t-referrer_request_id=NDRlzuTU5yjuv8bY&t-referrer_search_query=macbook&t-referrer_sort_by=popular&t-tap_index=132
megazz,3 days ago,Apple MacBook Pro Late 2016,S$800,Like new,https://carousell.sg/p/apple-macbook-pro-late-2016-1267312252/?t-id=nFOSAbEtHg_1701013882919&t-referrer_browse_type=search_results&t-referrer_filter_price_min=100&t-referrer_page_type=search&t-referrer_request_id=NDRlzuTU5yjuv8bY&t-referrer_search_query=macbook&t-referrer_sort_by=popular&t-tap_index=133
joosermcgooser,3 days ago,"MacBook Pro 13"" M1 16gb 1TB","S$2,000",Like new,https://carousell.sg/p/macbook-pro-13-m1-16gb-1tb-1267311348/?t-id=nFOSAbEtHg_1701013882919&t-referrer_browse_type=search_results&t-referrer_filter_price_min=100&t-referrer_page_type=search&t-referrer_request_id=NDRlzuTU5yjuv8bY&t-referrer_search_query=macbook&t-referrer_sort_by=popular&t-tap_index=134
rileyrory,3 days ago,"MacBook Pro Touchbar (13-inch, 2019, Two Thunderbolt 3 ports)",S$600,Lightly used,https://carousell.sg/p/macbook-pro-touchbar-13-inch-2019-two-thunderbolt-3-ports-1267304754/?t-id=nFOSAbEtHg_1701013882919&t-referrer_browse_type=search_results&t-referrer_filter_price_min=100&t-referrer_page_type=search&t-referrer_request_id=NDRlzuTU5yjuv8bY&t-referrer_search_query=macbook&t-referrer_sort_by=popular&t-tap_index=135
fuga6485,3 days ago,"Macbook Air 13 inch, mid 2011",S$100,Heavily used,https://carousell.sg/p/macbook-air-13-inch-mid-2011-1267292389/?t-id=nFOSAbEtHg_1701013882919&t-referrer_browse_type=search_results&t-referrer_filter_price_min=100&t-referrer_page_type=search&t-referrer_request_id=NDRlzuTU5yjuv8bY&t-referrer_search_query=macbook&t-referrer_sort_by=popular&t-tap_index=136
playingbangg86,3 days ago,"MacBook pro 13 inch 2017 (500gb SSD, 2.3ghz, 16gb ram)",S$900,Like new,https://carousell.sg/p/macbook-pro-13-inch-2017-500gb-ssd-2-3ghz-16gb-ram-1267290721/?t-id=nFOSAbEtHg_1701013882919&t-referrer_browse_type=search_results&t-referrer_filter_price_min=100&t-referrer_page_type=search&t-referrer_request_id=NDRlzuTU5yjuv8bY&t-referrer_search_query=macbook&t-referrer_sort_by=popular&t-tap_index=137
laptophouse0101,1 day ago,"Good Condition Apple MacBook Air  2018  13"" | Intel I5 1.6GHz | 8GB RAM | 256GB SSD",S$599,Lightly used,https://carousell.sg/p/good-condition-apple-macbook-air-2018-13-intel-i5-1-6ghz-8gb-ram-256gb-ssd-1267652595/?t-id=nFOSAbEtHg_1701013882919&t-referrer_browse_type=search_results&t-referrer_filter_price_min=100&t-referrer_page_type=search&t-referrer_request_id=NDRlzuTU5yjuv8bY&t-referrer_search_query=macbook&t-referrer_sort_by=popular&t-tap_index=138
rosemine,3 days ago,Apple Macbook Pro M3 14inch {BNIB} {Sealed} 1Year Apple Warranty,"S$2,160",Brand new,https://carousell.sg/p/apple-macbook-pro-m3-14inch-bnib-sealed-1year-apple-warranty-1264295344/?t-id=nFOSAbEtHg_1701013882919&t-referrer_browse_type=search_results&t-referrer_filter_price_min=100&t-referrer_page_type=search&t-referrer_request_id=NDRlzuTU5yjuv8bY&t-referrer_search_query=macbook&t-referrer_sort_by=popular&t-tap_index=139
kelvinteo82,3 days ago,MacBook Air M1 2020,S$750,Well used,https://carousell.sg/p/macbook-air-m1-2020-1267274277/?t-id=nFOSAbEtHg_1701013882919&t-referrer_browse_type=search_results&t-referrer_filter_price_min=100&t-referrer_page_type=search&t-referrer_request_id=NDRlzuTU5yjuv8bY&t-referrer_search_query=macbook&t-referrer_sort_by=popular&t-tap_index=141
goldeg,3 days ago,MacBook M1 2020,S$850,Lightly used,https://carousell.sg/p/macbook-m1-2020-1265638830/?t-id=nFOSAbEtHg_1701013882919&t-referrer_browse_type=search_results&t-referrer_filter_price_min=100&t-referrer_page_type=search&t-referrer_request_id=NDRlzuTU5yjuv8bY&t-referrer_search_query=macbook&t-referrer_sort_by=popular&t-tap_index=143
tushinarup66560,3 days ago,macbook air,S$550,Well used,https://carousell.sg/p/macbook-air-1267255447/?t-id=nFOSAbEtHg_1701013882919&t-referrer_browse_type=search_results&t-referrer_filter_price_min=100&t-referrer_page_type=search&t-referrer_request_id=NDRlzuTU5yjuv8bY&t-referrer_search_query=macbook&t-referrer_sort_by=popular&t-tap_index=144
tech.to.you,1 day ago,M1 Macbook Air 8/512,"S$1,000",Like new,https://carousell.sg/p/m1-macbook-air-8-512-1267616906/?t-id=nFOSAbEtHg_1701013882919&t-referrer_browse_type=search_results&t-referrer_filter_price_min=100&t-referrer_page_type=search&t-referrer_request_id=NDRlzuTU5yjuv8bY&t-referrer_search_query=macbook&t-referrer_sort_by=popular&t-tap_index=145
ccap240779,3 days ago,Apple Macbook Air 2014 Model 13-inch cracked screen but works,S$128,Heavily used,https://carousell.sg/p/apple-macbook-air-2014-model-13-inch-cracked-screen-but-works-1267240993/?t-id=nFOSAbEtHg_1701013882919&t-referrer_browse_type=search_results&t-referrer_filter_price_min=100&t-referrer_page_type=search&t-referrer_request_id=NDRlzuTU5yjuv8bY&t-referrer_search_query=macbook&t-referrer_sort_by=popular&t-tap_index=147
rmtay,4 days ago,2020 MacBook 15” 250 GB,"S$1,299",Lightly used,https://carousell.sg/p/2020-macbook-15”-250-gb-1267214819/?t-id=nFOSAbEtHg_1701013882919&t-referrer_browse_type=search_results&t-referrer_filter_price_min=100&t-referrer_page_type=search&t-referrer_request_id=NDRlzuTU5yjuv8bY&t-referrer_search_query=macbook&t-referrer_sort_by=popular&t-tap_index=148
Rushingbeam,4 days ago,Apple MacBook Air,S$950,Like new,https://carousell.sg/p/apple-macbook-air-1267213719/?t-id=nFOSAbEtHg_1701013882919&t-referrer_browse_type=search_results&t-referrer_filter_price_min=100&t-referrer_page_type=search&t-referrer_request_id=NDRlzuTU5yjuv8bY&t-referrer_search_query=macbook&t-referrer_sort_by=popular&t-tap_index=149
ashbrokki,4 days ago,Macbook Air 13.6” M2 Chip 2022,"S$1,100",Like new,https://carousell.sg/p/macbook-air-13-6”-m2-chip-2022-1267212888/?t-id=nFOSAbEtHg_1701013882919&t-referrer_browse_type=search_results&t-referrer_filter_price_min=100&t-referrer_page_type=search&t-referrer_request_id=NDRlzuTU5yjuv8bY&t-referrer_search_query=macbook&t-referrer_sort_by=popular&t-tap_index=150
nwoolala,4 days ago,Unopened Macbook m2 15”,"S$1,725",Brand new,https://carousell.sg/p/unopened-macbook-m2-15”-1267200822/?t-id=nFOSAbEtHg_1701013882919&t-referrer_browse_type=search_results&t-referrer_filter_price_min=100&t-referrer_page_type=search&t-referrer_request_id=NDRlzuTU5yjuv8bY&t-referrer_search_query=macbook&t-referrer_sort_by=popular&t-tap_index=151
haanyu84,4 days ago,"MacBook Pro 15”  (2016) w/Touch Bar - Intel Core i7 2.7GHz, 16GB RAM, 512GB SSD",S$900,Well used,https://carousell.sg/p/macbook-pro-15”-2016-w-touch-bar-intel-core-i7-2-7ghz-16gb-ram-512gb-ssd-1263108714/?t-id=nFOSAbEtHg_1701013882919&t-referrer_browse_type=search_results&t-referrer_filter_price_min=100&t-referrer_page_type=search&t-referrer_request_id=NDRlzuTU5yjuv8bY&t-referrer_search_query=macbook&t-referrer_sort_by=popular&t-tap_index=152
Ilovecats,4 days ago,"MacBook Air Retina, 13-Inch, 2020",S$750,Like new,https://carousell.sg/p/macbook-air-retina-13-inch-2020-1267189980/?t-id=nFOSAbEtHg_1701013882919&t-referrer_browse_type=search_results&t-referrer_filter_price_min=100&t-referrer_page_type=search&t-referrer_request_id=NDRlzuTU5yjuv8bY&t-referrer_search_query=macbook&t-referrer_sort_by=popular&t-tap_index=154
goliat,4 days ago,MacBook Air (2018) 13 inch,S$450,Lightly used,https://carousell.sg/p/macbook-air-2018-13-inch-1267187519/?t-id=nFOSAbEtHg_1701013882919&t-referrer_browse_type=search_results&t-referrer_filter_price_min=100&t-referrer_page_type=search&t-referrer_request_id=NDRlzuTU5yjuv8bY&t-referrer_search_query=macbook&t-referrer_sort_by=popular&t-tap_index=155
danielwong99,4 days ago,Macbook Pro 16 inch M1 Pro,"S$2,488",Lightly used,https://carousell.sg/p/macbook-pro-16-inch-m1-pro-1267164473/?t-id=nFOSAbEtHg_1701013882919&t-referrer_browse_type=search_results&t-referrer_filter_price_min=100&t-referrer_page_type=search&t-referrer_request_id=NDRlzuTU5yjuv8bY&t-referrer_search_query=macbook&t-referrer_sort_by=popular&t-tap_index=156
fambam101,4 days ago,Macbook Pro 16 Inch M1 Pro (With Applecare till May 2025),"S$2,400",Like new,https://carousell.sg/p/macbook-pro-16-inch-m1-pro-with-applecare-till-may-2025-1267163143/?t-id=nFOSAbEtHg_1701013882919&t-referrer_browse_type=search_results&t-referrer_filter_price_min=100&t-referrer_page_type=search&t-referrer_request_id=NDRlzuTU5yjuv8bY&t-referrer_search_query=macbook&t-referrer_sort_by=popular&t-tap_index=157
intjie,4 days ago,Macbook Pro 13” 2019,S$900,Lightly used,https://carousell.sg/p/macbook-pro-13”-2019-1267160068/?t-id=nFOSAbEtHg_1701013882919&t-referrer_browse_type=search_results&t-referrer_filter_price_min=100&t-referrer_page_type=search&t-referrer_request_id=NDRlzuTU5yjuv8bY&t-referrer_search_query=macbook&t-referrer_sort_by=popular&t-tap_index=159
jinjack12399,4 days ago,MacBook Air 2020 (intel),S$700,Lightly used,https://carousell.sg/p/macbook-air-2020-intel-1267140731/?t-id=nFOSAbEtHg_1701013882919&t-referrer_browse_type=search_results&t-referrer_filter_price_min=100&t-referrer_page_type=search&t-referrer_request_id=NDRlzuTU5yjuv8bY&t-referrer_search_query=macbook&t-referrer_sort_by=popular&t-tap_index=160
bhushanap,4 days ago,MacBook Pro 15inch 2019,"S$1,200",Like new,https://carousell.sg/p/macbook-pro-15inch-2019-1267127437/?t-id=nFOSAbEtHg_1701013882919&t-referrer_browse_type=search_results&t-referrer_filter_price_min=100&t-referrer_page_type=search&t-referrer_request_id=NDRlzuTU5yjuv8bY&t-referrer_search_query=macbook&t-referrer_sort_by=popular&t-tap_index=161
claudia99822,4 days ago,"Barely Used 2019 MacBook Pro (13 inch, touch bar)","S$1,100",Like new,https://carousell.sg/p/barely-used-2019-macbook-pro-13-inch-touch-bar-1263850518/?t-id=nFOSAbEtHg_1701013882919&t-referrer_browse_type=search_results&t-referrer_filter_price_min=100&t-referrer_page_type=search&t-referrer_request_id=NDRlzuTU5yjuv8bY&t-referrer_search_query=macbook&t-referrer_sort_by=popular&t-tap_index=162
viveksubba,4 days ago,"Macbook pro 2017 15"" 16gb 512gb ssd touchbar",S$750,Like new,https://carousell.sg/p/macbook-pro-2017-15-16gb-512gb-ssd-touchbar-1267123613/?t-id=nFOSAbEtHg_1701013882919&t-referrer_browse_type=search_results&t-referrer_filter_price_min=100&t-referrer_page_type=search&t-referrer_request_id=NDRlzuTU5yjuv8bY&t-referrer_search_query=macbook&t-referrer_sort_by=popular&t-tap_index=163
felixsellsthings,4 days ago,2023 MacBook Pro M3 Pro M3 Max (BELOW RETAIL!!),"S$2,149",Brand new,https://carousell.sg/p/2023-macbook-pro-m3-pro-m3-max-below-retail-1265220803/?t-id=nFOSAbEtHg_1701013882919&t-referrer_browse_type=search_results&t-referrer_filter_price_min=100&t-referrer_page_type=search&t-referrer_request_id=NDRlzuTU5yjuv8bY&t-referrer_search_query=macbook&t-referrer_sort_by=popular&t-tap_index=164
ibra.m,4 days ago,Macbook Pro 13 M1 16GB 1TB (Space Grey),"S$1,400",Well used,https://carousell.sg/p/macbook-pro-13-m1-16gb-1tb-space-grey-1267121024/?t-id=nFOSAbEtHg_1701013882919&t-referrer_browse_type=search_results&t-referrer_filter_price_min=100&t-referrer_page_type=search&t-referrer_request_id=NDRlzuTU5yjuv8bY&t-referrer_search_query=macbook&t-referrer_sort_by=popular&t-tap_index=165
francis6973,4 days ago,"MacBook Pro 13. 3"" 2014",S$450,Lightly used,https://carousell.sg/p/macbook-pro-13-3-2014-1261222874/?t-id=nFOSAbEtHg_1701013882919&t-referrer_browse_type=search_results&t-referrer_filter_price_min=100&t-referrer_page_type=search&t-referrer_request_id=NDRlzuTU5yjuv8bY&t-referrer_search_query=macbook&t-referrer_sort_by=popular&t-tap_index=167
littlewieners,4 days ago,Apple 13 inch MacBook Air (M1 chip),"S$1,000",Brand new,https://carousell.sg/p/apple-13-inch-macbook-air-m1-chip-1267107162/?t-id=nFOSAbEtHg_1701013882919&t-referrer_browse_type=search_results&t-referrer_filter_price_min=100&t-referrer_page_type=search&t-referrer_request_id=NDRlzuTU5yjuv8bY&t-referrer_search_query=macbook&t-referrer_sort_by=popular&t-tap_index=168
david9709,2 days ago,High Spec MacBook Air M1 16g+512g,"S$1,500",Like new,https://carousell.sg/p/high-spec-macbook-air-m1-16g-512g-1267530206/?t-id=nFOSAbEtHg_1701013882919&t-referrer_browse_type=search_results&t-referrer_filter_price_min=100&t-referrer_page_type=search&t-referrer_request_id=NDRlzuTU5yjuv8bY&t-referrer_search_query=macbook&t-referrer_sort_by=popular&t-tap_index=169
lemoon_tart,4 days ago,Macbook 12-Retina 2015,S$250,Well used,https://carousell.sg/p/macbook-12-retina-2015-1267102496/?t-id=nFOSAbEtHg_1701013882919&t-referrer_browse_type=search_results&t-referrer_filter_price_min=100&t-referrer_page_type=search&t-referrer_request_id=NDRlzuTU5yjuv8bY&t-referrer_search_query=macbook&t-referrer_sort_by=popular&t-tap_index=170
wendyzhao379,4 days ago,MacBook Air 2013 with free case,S$250,Well used,https://carousell.sg/p/macbook-air-2013-with-free-case-1267102384/?t-id=nFOSAbEtHg_1701013882919&t-referrer_browse_type=search_results&t-referrer_filter_price_min=100&t-referrer_page_type=search&t-referrer_request_id=NDRlzuTU5yjuv8bY&t-referrer_search_query=macbook&t-referrer_sort_by=popular&t-tap_index=171
mobilerelation.com.sg,4 days ago,"Apple MacBook Pro (14-inch,2021) 512GB","S$1,769",Like new,https://carousell.sg/p/apple-macbook-pro-14-inch-2021-512gb-1267096349/?t-id=nFOSAbEtHg_1701013882919&t-referrer_browse_type=search_results&t-referrer_filter_price_min=100&t-referrer_page_type=search&t-referrer_request_id=NDRlzuTU5yjuv8bY&t-referrer_search_query=macbook&t-referrer_sort_by=popular&t-tap_index=172
amychina12,4 days ago,MacBook Pro 16 2019,"S$1,500",Lightly used,https://carousell.sg/p/macbook-pro-16-2019-1267089207/?t-id=nFOSAbEtHg_1701013882919&t-referrer_browse_type=search_results&t-referrer_filter_price_min=100&t-referrer_page_type=search&t-referrer_request_id=NDRlzuTU5yjuv8bY&t-referrer_search_query=macbook&t-referrer_sort_by=popular&t-tap_index=173
brojre,4 days ago,Macbook Air M2 Midnight,"S$1,800",Brand new,https://carousell.sg/p/macbook-air-m2-midnight-1262539363/?t-id=nFOSAbEtHg_1701013882919&t-referrer_browse_type=search_results&t-referrer_filter_price_min=100&t-referrer_page_type=search&t-referrer_request_id=NDRlzuTU5yjuv8bY&t-referrer_search_query=macbook&t-referrer_sort_by=popular&t-tap_index=174
cutejimmi,4 days ago,"MacBook Air 13"" 2012",S$130,Well used,https://carousell.sg/p/macbook-air-13-2012-1267070016/?t-id=nFOSAbEtHg_1701013882919&t-referrer_browse_type=search_results&t-referrer_filter_price_min=100&t-referrer_page_type=search&t-referrer_request_id=NDRlzuTU5yjuv8bY&t-referrer_search_query=macbook&t-referrer_sort_by=popular&t-tap_index=175
rkbelectronics,4 days ago,Macbook Air M2 256GB SILVER,"S$1,450",Brand new,https://carousell.sg/p/macbook-air-m2-256gb-silver-1267066175/?t-id=nFOSAbEtHg_1701013882919&t-referrer_browse_type=search_results&t-referrer_filter_price_min=100&t-referrer_page_type=search&t-referrer_request_id=NDRlzuTU5yjuv8bY&t-referrer_search_query=macbook&t-referrer_sort_by=popular&t-tap_index=176
bpantherr,4 days ago,16-inch MacBook Pro i9 2.3 GHz 32GB RAM 1TB SSD,"S$1,500",Lightly used,https://carousell.sg/p/16-inch-macbook-pro-i9-2-3-ghz-32gb-ram-1tb-ssd-1267064173/?t-id=nFOSAbEtHg_1701013882919&t-referrer_browse_type=search_results&t-referrer_filter_price_min=100&t-referrer_page_type=search&t-referrer_request_id=NDRlzuTU5yjuv8bY&t-referrer_search_query=macbook&t-referrer_sort_by=popular&t-tap_index=177
themacvision,4 days ago,MacBook Pro 16 inch Full Box Set 10/10 Condition,"S$1,089",Like new,https://carousell.sg/p/macbook-pro-16-inch-full-box-set-10-10-condition-1266445479/?t-id=nFOSAbEtHg_1701013882919&t-referrer_browse_type=search_results&t-referrer_filter_price_min=100&t-referrer_page_type=search&t-referrer_request_id=NDRlzuTU5yjuv8bY&t-referrer_search_query=macbook&t-referrer_sort_by=popular&t-tap_index=178
Janxo7,4 days ago,MacBook PRO 14’ M1  with Magic Mouse,"S$2,450",Like new,https://carousell.sg/p/macbook-pro-14’-m1-with-magic-mouse-1267054135/?t-id=nFOSAbEtHg_1701013882919&t-referrer_browse_type=search_results&t-referrer_filter_price_min=100&t-referrer_page_type=search&t-referrer_request_id=NDRlzuTU5yjuv8bY&t-referrer_search_query=macbook&t-referrer_sort_by=popular&t-tap_index=179
rosemine,4 days ago,Apple Macbook Pro 16inch M3 PRO / MAX {BNIB} {Sealed} 1 Year Apple Warranty,"S$3,399",Brand new,https://carousell.sg/p/apple-macbook-pro-16inch-m3-pro-max-bnib-sealed-1-year-apple-warranty-1264283893/?t-id=nFOSAbEtHg_1701013882919&t-referrer_browse_type=search_results&t-referrer_filter_price_min=100&t-referrer_page_type=search&t-referrer_request_id=NDRlzuTU5yjuv8bY&t-referrer_search_query=macbook&t-referrer_sort_by=popular&t-tap_index=180
apple.to.you,2 days ago,MacBook Pro 2017,S$750,Lightly used,https://carousell.sg/p/macbook-pro-2017-1267504178/?t-id=nFOSAbEtHg_1701013882919&t-referrer_browse_type=search_results&t-referrer_filter_price_min=100&t-referrer_page_type=search&t-referrer_request_id=NDRlzuTU5yjuv8bY&t-referrer_search_query=macbook&t-referrer_sort_by=popular&t-tap_index=181
bobo1210,4 days ago,"Macbook Pro (2020) M1 13"" for sale","S$1,000",Lightly used,https://carousell.sg/p/macbook-pro-2020-m1-13-for-sale-1267046718/?t-id=nFOSAbEtHg_1701013882919&t-referrer_browse_type=search_results&t-referrer_filter_price_min=100&t-referrer_page_type=search&t-referrer_request_id=-aG15nCRLwg1C-0p&t-referrer_search_query=macbook&t-referrer_sort_by=popular&t-tap_index=182
riksandrits,4 days ago,MacBook Pro,S$700,Lightly used,https://carousell.sg/p/macbook-pro-1263874437/?t-id=nFOSAbEtHg_1701013882919&t-referrer_browse_type=search_results&t-referrer_filter_price_min=100&t-referrer_page_type=search&t-referrer_request_id=-aG15nCRLwg1C-0p&t-referrer_search_query=macbook&t-referrer_sort_by=popular&t-tap_index=185
lowerdeal,4 days ago,MacBook Air 13 inch i5/256GB,S$200,Well used,https://carousell.sg/p/macbook-air-13-inch-i5-256gb-1267044138/?t-id=nFOSAbEtHg_1701013882919&t-referrer_browse_type=search_results&t-referrer_filter_price_min=100&t-referrer_page_type=search&t-referrer_request_id=-aG15nCRLwg1C-0p&t-referrer_search_query=macbook&t-referrer_sort_by=popular&t-tap_index=186
66.kjh66,4 days ago,MacBook Pro 2018 w Touchbar 256GB 16GB Ram,S$800,Lightly used,https://carousell.sg/p/macbook-pro-2018-w-touchbar-256gb-16gb-ram-1261405320/?t-id=nFOSAbEtHg_1701013882919&t-referrer_browse_type=search_results&t-referrer_filter_price_min=100&t-referrer_page_type=search&t-referrer_request_id=-aG15nCRLwg1C-0p&t-referrer_search_query=macbook&t-referrer_sort_by=popular&t-tap_index=187
leejiawen709969,4 days ago,MacBook Air 13inch,S$850,Like new,https://carousell.sg/p/macbook-air-13inch-1267037541/?t-id=nFOSAbEtHg_1701013882919&t-referrer_browse_type=search_results&t-referrer_filter_price_min=100&t-referrer_page_type=search&t-referrer_request_id=-aG15nCRLwg1C-0p&t-referrer_search_query=macbook&t-referrer_sort_by=popular&t-tap_index=188
gavanrr,5 days ago,MacBook Air M1,S$850,Lightly used,https://carousell.sg/p/macbook-air-m1-1241275908/?t-id=nFOSAbEtHg_1701013882919&t-referrer_browse_type=search_results&t-referrer_filter_price_min=100&t-referrer_page_type=search&t-referrer_request_id=-aG15nCRLwg1C-0p&t-referrer_search_query=macbook&t-referrer_sort_by=popular&t-tap_index=189
xpandapaws,5 days ago,"16"" Macbook Pro 2019 Intel Model","S$1,200",Well used,https://carousell.sg/p/16-macbook-pro-2019-intel-model-1267034305/?t-id=nFOSAbEtHg_1701013882919&t-referrer_browse_type=search_results&t-referrer_filter_price_min=100&t-referrer_page_type=search&t-referrer_request_id=-aG15nCRLwg1C-0p&t-referrer_search_query=macbook&t-referrer_sort_by=popular&t-tap_index=190
fast1,5 days ago,MacBook Air M1-Chip 2020,S$875,Like new,https://carousell.sg/p/macbook-air-m1-chip-2020-1263924069/?t-id=nFOSAbEtHg_1701013882919&t-referrer_browse_type=search_results&t-referrer_filter_price_min=100&t-referrer_page_type=search&t-referrer_request_id=-aG15nCRLwg1C-0p&t-referrer_search_query=macbook&t-referrer_sort_by=popular&t-tap_index=191
muneshv,5 days ago,16” MacBook Pro with M2 Max in Space Grey,"S$5,000",Like new,https://carousell.sg/p/16”-macbook-pro-with-m2-max-in-space-grey-1263024402/?t-id=nFOSAbEtHg_1701013882919&t-referrer_browse_type=search_results&t-referrer_filter_price_min=100&t-referrer_page_type=search&t-referrer_request_id=-aG15nCRLwg1C-0p&t-referrer_search_query=macbook&t-referrer_sort_by=popular&t-tap_index=193
donglai,4 days ago,MacBook 2020 i7 512G,"S$1,198",Like new,https://carousell.sg/p/macbook-2020-i7-512g-1261420991/?t-id=nFOSAbEtHg_1701013882919&t-referrer_browse_type=search_results&t-referrer_filter_price_min=100&t-referrer_page_type=search&t-referrer_request_id=-aG15nCRLwg1C-0p&t-referrer_search_query=macbook&t-referrer_sort_by=popular&t-tap_index=194
gavin.kru,5 days ago,Macbook pro 14 m3 pro chip 1tb  with apple care,"S$3,500",Brand new,https://carousell.sg/p/macbook-pro-14-m3-pro-chip-1tb-with-apple-care-1264544403/?t-id=nFOSAbEtHg_1701013882919&t-referrer_browse_type=search_results&t-referrer_filter_price_min=100&t-referrer_page_type=search&t-referrer_request_id=-aG15nCRLwg1C-0p&t-referrer_search_query=macbook&t-referrer_sort_by=popular&t-tap_index=195
dontwastetime321,5 days ago,MacBook Pro 14 M1 Max Apple Care April 2025,"S$2,400",Lightly used,https://carousell.sg/p/macbook-pro-14-m1-max-apple-care-april-2025-1264350664/?t-id=nFOSAbEtHg_1701013882919&t-referrer_browse_type=search_results&t-referrer_filter_price_min=100&t-referrer_page_type=search&t-referrer_request_id=-aG15nCRLwg1C-0p&t-referrer_search_query=macbook&t-referrer_sort_by=popular&t-tap_index=197
drporkchopx,5 days ago,S> MINT MacBook Pro 16 inch 512GBSSD 16GB memory,"S$2,000",Like new,https://carousell.sg/p/s-mint-macbook-pro-16-inch-512gbssd-16gb-memory-1263051411/?t-id=nFOSAbEtHg_1701013882919&t-referrer_browse_type=search_results&t-referrer_filter_price_min=100&t-referrer_page_type=search&t-referrer_request_id=-aG15nCRLwg1C-0p&t-referrer_search_query=macbook&t-referrer_sort_by=popular&t-tap_index=199
v1209,5 days ago,MacBook Bro,"S$1,150",Like new,https://carousell.sg/p/macbook-bro-1263635665/?t-id=nFOSAbEtHg_1701013882919&t-referrer_browse_type=search_results&t-referrer_filter_price_min=100&t-referrer_page_type=search&t-referrer_request_id=-aG15nCRLwg1C-0p&t-referrer_search_query=macbook&t-referrer_sort_by=popular&t-tap_index=200
wearecommons,5 days ago,Brand New Apple Macbook Pro 14” 2023 M2 12-core CPU 18-core GPU 18GB Unified Memory 1TB SSD Storage in Silver,"S$3,000",Brand new,https://carousell.sg/p/brand-new-apple-macbook-pro-14”-2023-m2-12-core-cpu-18-core-gpu-18gb-unified-memory-1tb-ssd-storage-in-silver-1263480445/?t-id=nFOSAbEtHg_1701013882919&t-referrer_browse_type=search_results&t-referrer_filter_price_min=100&t-referrer_page_type=search&t-referrer_request_id=-aG15nCRLwg1C-0p&t-referrer_search_query=macbook&t-referrer_sort_by=popular&t-tap_index=201
jfpradeep31262,5 days ago,"14"" MacBook Pro M2","S$3,000",Like new,https://carousell.sg/p/14-macbook-pro-m2-1264097238/?t-id=nFOSAbEtHg_1701013882919&t-referrer_browse_type=search_results&t-referrer_filter_price_min=100&t-referrer_page_type=search&t-referrer_request_id=-aG15nCRLwg1C-0p&t-referrer_search_query=macbook&t-referrer_sort_by=popular&t-tap_index=202
odiliaswann,5 days ago,MacBook Pro 13 Inch 16GB 256GB Intel i5 2020 Space Grey Model with touchbar,S$950,Lightly used,https://carousell.sg/p/macbook-pro-13-inch-16gb-256gb-intel-i5-2020-space-grey-model-with-touchbar-1261248244/?t-id=nFOSAbEtHg_1701013882919&t-referrer_browse_type=search_results&t-referrer_filter_price_min=100&t-referrer_page_type=search&t-referrer_request_id=-aG15nCRLwg1C-0p&t-referrer_search_query=macbook&t-referrer_sort_by=popular&t-tap_index=203
orlando_koh,5 days ago,"MacBook Pro 16-inch 2019 - Intel i9, 16GB RAM, 1TB SSD - Mint Condition with box & charger","S$1,000",Well used,https://carousell.sg/p/macbook-pro-16-inch-2019-intel-i9-16gb-ram-1tb-ssd-mint-condition-with-box-charger-1261115578/?t-id=nFOSAbEtHg_1701013882919&t-referrer_browse_type=search_results&t-referrer_filter_price_min=100&t-referrer_page_type=search&t-referrer_request_id=-aG15nCRLwg1C-0p&t-referrer_search_query=macbook&t-referrer_sort_by=popular&t-tap_index=204
zhancakede82627,5 days ago,Macbook air 2018 13'3 icnh,S$790,Like new,https://carousell.sg/p/macbook-air-2018-13-3-icnh-1264528805/?t-id=nFOSAbEtHg_1701013882919&t-referrer_browse_type=search_results&t-referrer_filter_price_min=100&t-referrer_page_type=search&t-referrer_request_id=-aG15nCRLwg1C-0p&t-referrer_search_query=macbook&t-referrer_sort_by=popular&t-tap_index=205
maxxxxxuteng,5 days ago,MacBook Air m2,"S$1,300",Lightly used,https://carousell.sg/p/macbook-air-m2-1263847534/?t-id=nFOSAbEtHg_1701013882919&t-referrer_browse_type=search_results&t-referrer_filter_price_min=100&t-referrer_page_type=search&t-referrer_request_id=-aG15nCRLwg1C-0p&t-referrer_search_query=macbook&t-referrer_sort_by=popular&t-tap_index=206
ccap240779,5 days ago,Apple Macbook Pro 15-inch 2009 Model DUAL BOOT Mac OSX + Windows 10 Pro,S$150,Heavily used,https://carousell.sg/p/apple-macbook-pro-15-inch-2009-model-dual-boot-mac-osx-windows-10-pro-1267016022/?t-id=nFOSAbEtHg_1701013882919&t-referrer_browse_type=search_results&t-referrer_filter_price_min=100&t-referrer_page_type=search&t-referrer_request_id=-aG15nCRLwg1C-0p&t-referrer_search_query=macbook&t-referrer_sort_by=popular&t-tap_index=207
lupinn,5 days ago,MacBook 12 inch 2015,S$200,Well used,https://carousell.sg/p/macbook-12-inch-2015-1267015797/?t-id=nFOSAbEtHg_1701013882919&t-referrer_browse_type=search_results&t-referrer_filter_price_min=100&t-referrer_page_type=search&t-referrer_request_id=-aG15nCRLwg1C-0p&t-referrer_search_query=macbook&t-referrer_sort_by=popular&t-tap_index=208
1n.sunshine,5 days ago,[12% OFF] Apple MacBook Pro MacBook Air iMac Mac mini,"S$1,400",Brand new,https://carousell.sg/p/12-off-apple-macbook-pro-macbook-air-imac-mac-mini-1267014738/?t-id=nFOSAbEtHg_1701013882919&t-referrer_browse_type=search_results&t-referrer_filter_price_min=100&t-referrer_page_type=search&t-referrer_request_id=-aG15nCRLwg1C-0p&t-referrer_search_query=macbook&t-referrer_sort_by=popular&t-tap_index=210
thegayjay,5 days ago,MacBook Pro 2019 13” i5 8GB - Space Grey,S$800,Lightly used,https://carousell.sg/p/macbook-pro-2019-13”-i5-8gb-space-grey-1262269838/?t-id=nFOSAbEtHg_1701013882919&t-referrer_browse_type=search_results&t-referrer_filter_price_min=100&t-referrer_page_type=search&t-referrer_request_id=-aG15nCRLwg1C-0p&t-referrer_search_query=macbook&t-referrer_sort_by=popular&t-tap_index=211
Yukisan,5 days ago,MacBook Air 13 inch,S$500,Lightly used,https://carousell.sg/p/macbook-air-13-inch-1263110734/?t-id=nFOSAbEtHg_1701013882919&t-referrer_browse_type=search_results&t-referrer_filter_price_min=100&t-referrer_page_type=search&t-referrer_request_id=-aG15nCRLwg1C-0p&t-referrer_search_query=macbook&t-referrer_sort_by=popular&t-tap_index=212
fafihome,5 days ago,MacBook Pro M2 16”,"S$3,200",Brand new,https://carousell.sg/p/macbook-pro-m2-16”-1263703897/?t-id=nFOSAbEtHg_1701013882919&t-referrer_browse_type=search_results&t-referrer_filter_price_min=100&t-referrer_page_type=search&t-referrer_request_id=-aG15nCRLwg1C-0p&t-referrer_search_query=macbook&t-referrer_sort_by=popular&t-tap_index=213
hepinez,5 days ago,MacBook Air 13 inch 2014,S$225,Well used,https://carousell.sg/p/macbook-air-13-inch-2014-1261511402/?t-id=nFOSAbEtHg_1701013882919&t-referrer_browse_type=search_results&t-referrer_filter_price_min=100&t-referrer_page_type=search&t-referrer_request_id=-aG15nCRLwg1C-0p&t-referrer_search_query=macbook&t-referrer_sort_by=popular&t-tap_index=215
nuqui.jerome,5 days ago,MacBook Pro 16 inch with touch bar,"S$1,000",Lightly used,https://carousell.sg/p/macbook-pro-16-inch-with-touch-bar-1264255565/?t-id=nFOSAbEtHg_1701013882919&t-referrer_browse_type=search_results&t-referrer_filter_price_min=100&t-referrer_page_type=search&t-referrer_request_id=-aG15nCRLwg1C-0p&t-referrer_search_query=macbook&t-referrer_sort_by=popular&t-tap_index=216
totoma,5 days ago,MacBook Air,S$500,Well used,https://carousell.sg/p/macbook-air-1262853848/?t-id=nFOSAbEtHg_1701013882919&t-referrer_browse_type=search_results&t-referrer_filter_price_min=100&t-referrer_page_type=search&t-referrer_request_id=-aG15nCRLwg1C-0p&t-referrer_search_query=macbook&t-referrer_sort_by=popular&t-tap_index=217
bantan1,5 days ago,Apple Rose Gold Macbook Air,S$820,Lightly used,https://carousell.sg/p/apple-rose-gold-macbook-air-1264481486/?t-id=nFOSAbEtHg_1701013882919&t-referrer_browse_type=search_results&t-referrer_filter_price_min=100&t-referrer_page_type=search&t-referrer_request_id=-aG15nCRLwg1C-0p&t-referrer_search_query=macbook&t-referrer_sort_by=popular&t-tap_index=218
riniyangmm,5 days ago,New Macbook Air 15,"S$1,880",Brand new,https://carousell.sg/p/new-macbook-air-15-1262447243/?t-id=nFOSAbEtHg_1701013882919&t-referrer_browse_type=search_results&t-referrer_filter_price_min=100&t-referrer_page_type=search&t-referrer_request_id=-aG15nCRLwg1C-0p&t-referrer_search_query=macbook&t-referrer_sort_by=popular&t-tap_index=219
janzxz,5 days ago,"13 Inch MacBook Air Rose Gold (Retina, 2019)",S$900,Like new,https://carousell.sg/p/13-inch-macbook-air-rose-gold-retina-2019-1264060597/?t-id=nFOSAbEtHg_1701013882919&t-referrer_browse_type=search_results&t-referrer_filter_price_min=100&t-referrer_page_type=search&t-referrer_request_id=-aG15nCRLwg1C-0p&t-referrer_search_query=macbook&t-referrer_sort_by=popular&t-tap_index=220
victoriacomputer,5 days ago,MacBook Pro,S$150,Lightly used,https://carousell.sg/p/macbook-pro-1263576697/?t-id=nFOSAbEtHg_1701013882919&t-referrer_browse_type=search_results&t-referrer_filter_price_min=100&t-referrer_page_type=search&t-referrer_request_id=-aG15nCRLwg1C-0p&t-referrer_search_query=macbook&t-referrer_sort_by=popular&t-tap_index=221
mike0910,5 days ago,MacBook Pro 13inch,S$499,Lightly used,https://carousell.sg/p/macbook-pro-13inch-1261904030/?t-id=nFOSAbEtHg_1701013882919&t-referrer_browse_type=search_results&t-referrer_filter_price_min=100&t-referrer_page_type=search&t-referrer_request_id=-aG15nCRLwg1C-0p&t-referrer_search_query=macbook&t-referrer_sort_by=popular&t-tap_index=223
ecent18,5 days ago,MacBook Air 13 inch M1 chip,S$800,Like new,https://carousell.sg/p/macbook-air-13-inch-m1-chip-1267007114/?t-id=nFOSAbEtHg_1701013882919&t-referrer_browse_type=search_results&t-referrer_filter_price_min=100&t-referrer_page_type=search&t-referrer_request_id=-aG15nCRLwg1C-0p&t-referrer_search_query=macbook&t-referrer_sort_by=popular&t-tap_index=224
shoppingqueeen,5 days ago,MacBook Pro 13inch 2017 128GB Dark Grey,S$550,Lightly used,https://carousell.sg/p/macbook-pro-13inch-2017-128gb-dark-grey-1261899239/?t-id=nFOSAbEtHg_1701013882919&t-referrer_browse_type=search_results&t-referrer_filter_price_min=100&t-referrer_page_type=search&t-referrer_request_id=-aG15nCRLwg1C-0p&t-referrer_search_query=macbook&t-referrer_sort_by=popular&t-tap_index=225
blue_shirt,5 days ago,MacBook Pro 13inch,S$800,Lightly used,https://carousell.sg/p/macbook-pro-13inch-1261362090/?t-id=nFOSAbEtHg_1701013882919&t-referrer_browse_type=search_results&t-referrer_filter_price_min=100&t-referrer_page_type=search&t-referrer_request_id=-aG15nCRLwg1C-0p&t-referrer_search_query=macbook&t-referrer_sort_by=popular&t-tap_index=226
jackietan77,5 days ago,MacBook Pro 15-4 Inch 2016,S$740,Well used,https://carousell.sg/p/macbook-pro-15-4-inch-2016-1256056827/?t-id=nFOSAbEtHg_1701013882919&t-referrer_browse_type=search_results&t-referrer_filter_price_min=100&t-referrer_page_type=search&t-referrer_request_id=-aG15nCRLwg1C-0p&t-referrer_search_query=macbook&t-referrer_sort_by=popular&t-tap_index=227
h.infocom,2 days ago,"Macbook air 2017, core i5, 1.8 GHz processor,8GB ram, Intel HD graphics 6000,128 GB Mac Intosh Flash storage, 13.3"" monitor",S$399,Like new,https://carousell.sg/p/macbook-air-2017-core-i5-1-8-ghz-processor-8gb-ram-intel-hd-graphics-6000-128-gb-mac-intosh-flash-storage-13-3-monitor-1267468925/?t-id=nFOSAbEtHg_1701013882919&t-referrer_browse_type=search_results&t-referrer_filter_price_min=100&t-referrer_page_type=search&t-referrer_request_id=-aG15nCRLwg1C-0p&t-referrer_search_query=macbook&t-referrer_sort_by=popular&t-tap_index=228
techmartsg,2 days ago,"MacBook Pro (13-inch, 2017, Four Thunderbolt 3 ports) Intel Core i5 | 16GB | 500GB SSD | MacOS Ventura",S$590,Heavily used,https://carousell.sg/p/macbook-pro-13-inch-2017-four-thunderbolt-3-ports-intel-core-i5-16gb-500gb-ssd-macos-ventura-1267464166/?t-id=nFOSAbEtHg_1701013882919&t-referrer_browse_type=search_results&t-referrer_filter_price_min=100&t-referrer_page_type=search&t-referrer_request_id=-aG15nCRLwg1C-0p&t-referrer_search_query=macbook&t-referrer_sort_by=popular&t-tap_index=229
apple.to.you,2 days ago,M1 MacBook Pro 8/256,"S$1,200",Like new,https://carousell.sg/p/m1-macbook-pro-8-256-1267447445/?t-id=nFOSAbEtHg_1701013882919&t-referrer_browse_type=search_results&t-referrer_filter_price_min=100&t-referrer_page_type=search&t-referrer_request_id=-aG15nCRLwg1C-0p&t-referrer_search_query=macbook&t-referrer_sort_by=popular&t-tap_index=230
shopcraves,5 days ago,"Macbook Pro 16 Inch, 512GB SSD 16GB RAM, Silver, 10/10,",S$999,Like new,https://carousell.sg/p/macbook-pro-16-inch-512gb-ssd-16gb-ram-silver-10-10-1261239091/?t-id=nFOSAbEtHg_1701013882919&t-referrer_browse_type=search_results&t-referrer_filter_price_min=100&t-referrer_page_type=search&t-referrer_request_id=-aG15nCRLwg1C-0p&t-referrer_search_query=macbook&t-referrer_sort_by=popular&t-tap_index=231
hansler_97,5 days ago,Apple MacBook Pro M2 Pro 2023,"S$2,650",Like new,https://carousell.sg/p/apple-macbook-pro-m2-pro-2023-1263024847/?t-id=nFOSAbEtHg_1701013882919&t-referrer_browse_type=search_results&t-referrer_filter_price_min=100&t-referrer_page_type=search&t-referrer_request_id=-aG15nCRLwg1C-0p&t-referrer_search_query=macbook&t-referrer_sort_by=popular&t-tap_index=232
tomatoiii,5 days ago,MacBook Pro 13inch,S$600,Lightly used,https://carousell.sg/p/macbook-pro-13inch-1263246803/?t-id=nFOSAbEtHg_1701013882919&t-referrer_browse_type=search_results&t-referrer_filter_price_min=100&t-referrer_page_type=search&t-referrer_request_id=-aG15nCRLwg1C-0p&t-referrer_search_query=macbook&t-referrer_sort_by=popular&t-tap_index=233
bunnie.xx,5 days ago,New Macbook Air 2020,S$899,Like new,https://carousell.sg/p/new-macbook-air-2020-1264254359/?t-id=nFOSAbEtHg_1701013882919&t-referrer_browse_type=search_results&t-referrer_filter_price_min=100&t-referrer_page_type=search&t-referrer_request_id=-aG15nCRLwg1C-0p&t-referrer_search_query=macbook&t-referrer_sort_by=popular&t-tap_index=234
